18:33:24,3.840e+00,4.000e+00
18:32:22,3.840e+00,4.000e+00
18:35:30,3.840e+00,4.000e+00
18:35:23,3.840e+00,4.000e+00
18:35:16,3.840e+00,4.000e+00
18:35:09,3.840e+00,4.000e+00
18:35:02,3.840e+00,4.000e+00
18:34:55,3.840e+00,4.000e+00
18:34:48,3.840e+00,4.000e+00
18:38:58,3.840e+00,4.000e+00
18:39:05,3.840e+00,4.000e+00
18:39:12,3.840e+00,4.000e+00
18:39:19,3.840e+00,4.000e+00
18:39:26,3.840e+00,4.000e+00
18:39:36,3.840e+00,4.000e+00
18:39:44,3.840e+00,4.000e+00
18:39:52,3.840e+00,4.000e+00
18:40:00,3.840e+00,4.000e+00
18:40:08,3.840e+00,4.000e+00
18:40:16,3.840e+00,4.000e+00
18:40:24,3.840e+00,4.000e+00
18:40:32,3.840e+00,4.000e+00
18:42:03,3.840e+00,4.000e+00
18:42:19,3.840e+00,4.000e+00
18:42:27,3.840e+00,4.000e+00
18:42:36,3.760e+00,4.000e+00
18:42:44,3.840e+00,4.000e+00
18:43:07,3.760e+00,4.000e+00
18:43:13,3.840e+00,4.000e+00
18:44:12,3.840e+00,4.000e+00
18:44:43,3.840e+00,4.000e+00
18:45:15,3.840e+00,4.000e+00
18:45:47,3.840e+00,4.000e+00
18:46:19,3.840e+00,4.000e+00
18:46:51,3.840e+00,4.000e+00
18:47:23,3.840e+00,4.000e+00
18:47:55,3.840e+00,4.000e+00
18:48:52,3.840e+00,4.000e+00
18:49:24,3.760e+00,4.000e+00
18:49:56,3.760e+00,4.000e+00
18:50:28,3.840e+00,4.000e+00
18:51:00,3.760e+00,4.000e+00
18:51:32,3.840e+00,4.000e+00
18:52:04,3.840e+00,4.000e+00
18:52:35,3.760e+00,4.000e+00
18:53:07,3.840e+00,4.000e+00
18:53:39,3.840e+00,4.000e+00
18:54:11,3.760e+00,4.000e+00
18:54:43,3.840e+00,4.000e+00
18:55:15,3.840e+00,4.000e+00
18:55:47,3.840e+00,4.000e+00
18:56:19,3.840e+00,4.000e+00
18:58:31,3.760e+00,4.000e+00,0.18461538461538476
18:59:03,3.760e+00,4.000e+00,0.18461538461538476
18:59:35,3.840e+00,4.000e+00,0.12307692307692318
19:00:06,3.840e+00,4.000e+00,0.12307692307692318
19:00:38,3.760e+00,4.000e+00,0.18461538461538476
19:01:10,3.840e+00,4.000e+00,0.12307692307692318
19:01:42,3.840e+00,4.000e+00,0.12307692307692318
19:02:14,3.840e+00,4.000e+00,0.12307692307692318
19:02:46,3.760e+00,4.000e+00,0.18461538461538476
19:03:18,3.760e+00,4.000e+00,0.18461538461538476
19:03:50,3.760e+00,4.000e+00,0.18461538461538476
19:04:22,3.760e+00,4.000e+00,0.18461538461538476
19:04:54,3.760e+00,4.000e+00,0.18461538461538476
19:05:26,3.840e+00,4.000e+00,0.12307692307692318
19:05:58,3.840e+00,4.000e+00,0.12307692307692318
19:06:30,3.760e+00,4.000e+00,0.18461538461538476
19:07:02,3.760e+00,4.000e+00,0.18461538461538476
19:07:34,3.840e+00,4.000e+00,0.12307692307692318
19:08:06,3.760e+00,4.000e+00,0.18461538461538476
19:08:38,3.760e+00,4.000e+00,0.18461538461538476
19:09:10,3.760e+00,4.000e+00,0.18461538461538476
19:09:41,3.760e+00,4.000e+00,0.18461538461538476
19:10:13,3.760e+00,4.000e+00,0.18461538461538476
19:10:45,3.760e+00,4.000e+00,0.18461538461538476
19:11:17,3.760e+00,3.920e+00,0.12307692307692318
19:11:49,3.760e+00,4.000e+00,0.18461538461538476
19:12:20,3.760e+00,4.000e+00,0.18461538461538476
19:12:53,3.760e+00,4.000e+00,0.18461538461538476
19:13:25,3.840e+00,4.000e+00,0.12307692307692318
19:13:57,3.760e+00,4.000e+00,0.18461538461538476
19:14:28,3.840e+00,4.000e+00,0.12307692307692318
19:15:00,3.760e+00,3.920e+00,0.12307692307692318
19:15:33,3.760e+00,4.000e+00,0.18461538461538476
19:16:05,3.760e+00,4.000e+00,0.18461538461538476
19:16:36,3.760e+00,4.000e+00,0.18461538461538476
19:17:08,3.760e+00,3.920e+00,0.12307692307692318
19:17:41,3.760e+00,4.000e+00,0.18461538461538476
19:18:13,3.840e+00,4.000e+00,0.12307692307692318
19:18:44,3.840e+00,3.920e+00,0.06153846153846159
19:19:16,3.760e+00,4.000e+00,0.18461538461538476
19:19:48,3.760e+00,3.920e+00,0.12307692307692318
19:20:21,3.760e+00,3.920e+00,0.12307692307692318
19:20:52,3.760e+00,4.000e+00,0.18461538461538476
19:21:25,3.760e+00,3.920e+00,0.12307692307692318
19:21:56,3.760e+00,3.920e+00,0.12307692307692318
19:22:28,3.760e+00,4.000e+00,0.18461538461538476
19:23:00,3.760e+00,3.920e+00,0.12307692307692318
19:23:32,3.760e+00,3.920e+00,0.12307692307692318
19:24:04,3.760e+00,4.000e+00,0.18461538461538476
19:24:36,3.760e+00,3.920e+00,0.12307692307692318
19:25:08,3.760e+00,4.000e+00,0.18461538461538476
19:25:40,3.760e+00,4.000e+00,0.18461538461538476
19:26:12,3.760e+00,3.920e+00,0.12307692307692318
19:26:44,3.760e+00,3.920e+00,0.12307692307692318
19:27:16,3.760e+00,3.920e+00,0.12307692307692318
19:27:48,3.760e+00,3.920e+00,0.12307692307692318
19:28:19,3.760e+00,3.920e+00,0.12307692307692318
19:28:51,3.760e+00,3.920e+00,0.12307692307692318
19:29:23,3.760e+00,4.000e+00,0.18461538461538476
19:29:55,3.760e+00,3.920e+00,0.12307692307692318
19:30:27,3.760e+00,3.920e+00,0.12307692307692318
19:30:59,3.760e+00,4.000e+00,0.18461538461538476
19:31:31,3.760e+00,3.920e+00,0.12307692307692318
19:32:03,3.760e+00,4.000e+00,0.18461538461538476
19:32:35,3.760e+00,4.000e+00,0.18461538461538476
19:33:07,3.840e+00,3.920e+00,0.06153846153846159
19:33:38,3.760e+00,3.920e+00,0.12307692307692318
19:34:10,3.760e+00,3.920e+00,0.12307692307692318
19:34:42,3.760e+00,3.920e+00,0.12307692307692318
19:35:14,3.760e+00,3.920e+00,0.12307692307692318
19:35:46,3.760e+00,3.920e+00,0.12307692307692318
19:36:18,3.760e+00,3.920e+00,0.12307692307692318
19:36:50,3.760e+00,3.920e+00,0.12307692307692318
19:37:22,3.760e+00,3.920e+00,0.12307692307692318
19:37:54,3.760e+00,3.920e+00,0.12307692307692318
19:38:26,3.760e+00,3.920e+00,0.12307692307692318
19:38:58,3.760e+00,3.920e+00,0.12307692307692318
19:39:30,3.760e+00,3.920e+00,0.12307692307692318
19:40:02,3.760e+00,3.920e+00,0.12307692307692318
19:40:34,3.760e+00,3.920e+00,0.12307692307692318
19:41:05,3.760e+00,3.920e+00,0.12307692307692318
19:41:37,3.760e+00,3.920e+00,0.12307692307692318
19:42:09,3.760e+00,3.920e+00,0.12307692307692318
19:42:41,3.760e+00,3.920e+00,0.12307692307692318
19:43:13,3.760e+00,4.000e+00,0.18461538461538476
19:43:45,3.760e+00,3.920e+00,0.12307692307692318
19:44:17,3.760e+00,3.920e+00,0.12307692307692318
19:44:49,3.760e+00,3.920e+00,0.12307692307692318
19:45:21,3.760e+00,3.920e+00,0.12307692307692318
19:45:52,3.760e+00,3.920e+00,0.12307692307692318
19:46:24,3.760e+00,3.920e+00,0.12307692307692318
19:46:56,3.760e+00,3.920e+00,0.12307692307692318
19:47:28,3.760e+00,3.920e+00,0.12307692307692318
19:48:00,3.760e+00,3.920e+00,0.12307692307692318
19:48:32,3.760e+00,3.920e+00,0.12307692307692318
19:49:04,3.760e+00,4.000e+00,0.18461538461538476
19:49:36,3.760e+00,3.920e+00,0.12307692307692318
19:50:08,3.760e+00,3.920e+00,0.12307692307692318
19:50:40,3.760e+00,3.920e+00,0.12307692307692318
19:51:12,3.760e+00,3.920e+00,0.12307692307692318
19:51:44,3.760e+00,3.920e+00,0.12307692307692318
19:52:16,3.760e+00,3.920e+00,0.12307692307692318
19:52:48,3.760e+00,3.920e+00,0.12307692307692318
19:53:19,3.760e+00,3.920e+00,0.12307692307692318
19:53:51,3.760e+00,3.920e+00,0.12307692307692318
19:54:23,3.760e+00,3.920e+00,0.12307692307692318
19:54:55,3.760e+00,3.920e+00,0.12307692307692318
19:55:27,3.760e+00,3.920e+00,0.12307692307692318
19:55:59,3.760e+00,3.920e+00,0.12307692307692318
19:56:31,3.760e+00,3.920e+00,0.12307692307692318
19:57:03,3.760e+00,3.920e+00,0.12307692307692318
19:57:35,3.760e+00,3.920e+00,0.12307692307692318
19:58:07,3.760e+00,3.920e+00,0.12307692307692318
19:58:39,3.760e+00,3.920e+00,0.12307692307692318
19:59:11,3.760e+00,3.920e+00,0.12307692307692318
19:59:43,3.520e+00,3.920e+00,0.3076923076923076
20:00:15,3.680e+00,3.920e+00,0.18461538461538443
20:00:47,3.760e+00,3.920e+00,0.12307692307692318
20:01:19,3.760e+00,3.920e+00,0.12307692307692318
20:01:52,3.520e+00,3.920e+00,0.3076923076923076
20:02:24,3.760e+00,3.920e+00,0.12307692307692318
20:02:56,3.760e+00,3.920e+00,0.12307692307692318
20:03:28,3.760e+00,3.920e+00,0.12307692307692318
20:04:00,3.760e+00,3.920e+00,0.12307692307692318
20:04:32,3.760e+00,3.920e+00,0.12307692307692318
20:05:04,3.760e+00,3.920e+00,0.12307692307692318
20:05:35,3.760e+00,3.920e+00,0.12307692307692318
20:06:07,3.760e+00,3.920e+00,0.12307692307692318
20:06:39,3.760e+00,3.920e+00,0.12307692307692318
20:07:11,3.760e+00,3.920e+00,0.12307692307692318
20:07:43,3.680e+00,3.920e+00,0.18461538461538443
20:08:15,3.680e+00,3.920e+00,0.18461538461538443
20:08:47,3.760e+00,3.920e+00,0.12307692307692318
20:09:19,3.520e+00,3.920e+00,0.3076923076923076
20:09:51,3.760e+00,3.920e+00,0.12307692307692318
20:10:23,3.760e+00,3.920e+00,0.12307692307692318
20:10:55,3.680e+00,3.920e+00,0.18461538461538443
20:11:27,3.760e+00,3.920e+00,0.12307692307692318
20:11:59,3.680e+00,3.920e+00,0.18461538461538443
20:12:31,3.680e+00,3.920e+00,0.18461538461538443
20:13:03,3.680e+00,3.920e+00,0.18461538461538443
20:13:34,3.680e+00,3.920e+00,0.18461538461538443
20:14:06,3.680e+00,3.920e+00,0.18461538461538443
20:14:38,3.680e+00,3.920e+00,0.18461538461538443
20:15:10,3.680e+00,3.920e+00,0.18461538461538443
20:15:42,3.760e+00,3.920e+00,0.12307692307692318
20:16:14,3.680e+00,3.920e+00,0.18461538461538443
20:16:46,3.760e+00,3.920e+00,0.12307692307692318
20:17:18,3.760e+00,3.920e+00,0.12307692307692318
20:17:50,3.680e+00,3.920e+00,0.18461538461538443
20:18:22,3.680e+00,3.920e+00,0.18461538461538443
20:18:54,3.680e+00,3.920e+00,0.18461538461538443
20:19:26,3.680e+00,3.920e+00,0.18461538461538443
20:19:57,3.760e+00,3.920e+00,0.12307692307692318
20:20:29,3.680e+00,3.920e+00,0.18461538461538443
20:21:01,3.760e+00,3.920e+00,0.12307692307692318
20:21:33,3.680e+00,3.920e+00,0.18461538461538443
20:22:05,3.680e+00,3.920e+00,0.18461538461538443
20:22:37,3.680e+00,3.920e+00,0.18461538461538443
20:23:09,3.680e+00,3.920e+00,0.18461538461538443
20:38:25,3.680e+00,3.920e+00,0.18461538461538443
20:38:57,3.680e+00,3.920e+00,0.18461538461538443
20:39:29,3.680e+00,3.920e+00,0.18461538461538443
20:40:46,3.680e+00,3.920e+00,0.18461538461538443
20:41:18,3.760e+00,3.920e+00,0.12307692307692318
20:41:50,3.680e+00,3.920e+00,0.18461538461538443
20:42:22,3.680e+00,3.840e+00,0.12307692307692283
20:42:54,3.680e+00,3.920e+00,0.18461538461538443
20:43:57,3.680e+00,3.920e+00,0.18461538461538443
20:44:29,3.680e+00,3.920e+00,0.18461538461538443
20:45:00,3.680e+00,3.840e+00,0.12307692307692283
20:45:32,3.680e+00,3.920e+00,0.18461538461538443
20:46:04,3.680e+00,3.920e+00,0.18461538461538443
20:46:36,3.680e+00,3.920e+00,0.18461538461538443
20:47:07,3.680e+00,3.920e+00,0.18461538461538443
20:47:39,3.760e+00,3.920e+00,0.12307692307692318
20:48:11,3.680e+00,3.840e+00,0.12307692307692283
20:48:43,3.680e+00,3.920e+00,0.18461538461538443
20:49:14,3.680e+00,3.920e+00,0.18461538461538443
20:49:46,3.680e+00,3.920e+00,0.18461538461538443
20:50:18,3.680e+00,3.920e+00,0.18461538461538443
20:50:49,3.680e+00,3.840e+00,0.12307692307692283
20:51:21,3.760e+00,3.920e+00,0.12307692307692318
20:51:53,3.680e+00,3.920e+00,0.18461538461538443
20:52:25,3.680e+00,3.920e+00,0.18461538461538443
20:52:57,3.680e+00,3.920e+00,0.18461538461538443
20:53:28,3.680e+00,3.840e+00,0.12307692307692283
20:54:00,3.680e+00,3.920e+00,0.18461538461538443
20:54:32,3.760e+00,3.920e+00,0.12307692307692318
20:55:03,3.680e+00,3.840e+00,0.12307692307692283
20:55:35,3.680e+00,3.840e+00,0.12307692307692283
20:56:07,3.680e+00,3.840e+00,0.12307692307692283
20:56:39,3.680e+00,3.840e+00,0.12307692307692283
20:57:11,3.680e+00,3.920e+00,0.18461538461538443
20:57:42,3.680e+00,3.920e+00,0.18461538461538443
20:58:14,3.680e+00,3.840e+00,0.12307692307692283
20:58:46,3.680e+00,3.920e+00,0.18461538461538443
20:59:18,3.680e+00,3.840e+00,0.12307692307692283
20:59:49,3.680e+00,3.840e+00,0.12307692307692283
21:00:21,3.680e+00,3.920e+00,0.18461538461538443
21:00:53,3.680e+00,3.840e+00,0.12307692307692283
21:01:25,3.680e+00,3.920e+00,0.18461538461538443
21:01:56,3.680e+00,3.840e+00,0.12307692307692283
21:02:28,3.680e+00,3.840e+00,0.12307692307692283
21:03:00,3.680e+00,3.840e+00,0.12307692307692283
21:03:32,3.680e+00,3.920e+00,0.18461538461538443
21:04:03,3.680e+00,3.920e+00,0.18461538461538443
21:04:35,3.680e+00,3.840e+00,0.12307692307692283
21:05:07,3.680e+00,3.840e+00,0.12307692307692283
21:05:39,3.680e+00,3.840e+00,0.12307692307692283
21:06:11,3.680e+00,3.840e+00,0.12307692307692283
21:06:43,3.760e+00,3.840e+00,0.06153846153846159
21:07:14,3.680e+00,3.920e+00,0.18461538461538443
21:07:46,3.680e+00,3.920e+00,0.18461538461538443
21:08:17,3.680e+00,3.920e+00,0.18461538461538443
21:08:49,3.680e+00,3.840e+00,0.12307692307692283
21:09:21,3.680e+00,3.840e+00,0.12307692307692283
21:09:53,3.680e+00,3.840e+00,0.12307692307692283
21:10:24,3.680e+00,3.840e+00,0.12307692307692283
21:10:56,3.680e+00,3.840e+00,0.12307692307692283
21:11:28,3.680e+00,3.840e+00,0.12307692307692283
21:12:00,3.680e+00,3.840e+00,0.12307692307692283
21:12:31,3.680e+00,3.840e+00,0.12307692307692283
21:13:03,3.680e+00,3.840e+00,0.12307692307692283
21:13:35,3.680e+00,3.840e+00,0.12307692307692283
21:14:07,3.680e+00,3.840e+00,0.12307692307692283
21:14:38,3.680e+00,3.840e+00,0.12307692307692283
21:15:10,3.680e+00,3.840e+00,0.12307692307692283
21:15:42,3.680e+00,3.840e+00,0.12307692307692283
21:16:13,3.680e+00,3.920e+00,0.18461538461538443
21:16:45,3.680e+00,3.840e+00,0.12307692307692283
21:17:17,3.680e+00,3.840e+00,0.12307692307692283
21:17:49,3.680e+00,3.840e+00,0.12307692307692283
21:18:21,3.680e+00,3.840e+00,0.12307692307692283
21:18:52,3.680e+00,3.840e+00,0.12307692307692283
21:19:24,3.680e+00,3.840e+00,0.12307692307692283
21:19:55,3.680e+00,3.840e+00,0.12307692307692283
21:20:27,3.680e+00,3.840e+00,0.12307692307692283
21:20:58,3.680e+00,3.840e+00,0.12307692307692283
21:21:31,3.680e+00,3.840e+00,0.12307692307692283
21:22:02,3.680e+00,3.840e+00,0.12307692307692283
21:22:34,3.680e+00,3.840e+00,0.12307692307692283
21:23:06,3.680e+00,3.840e+00,0.12307692307692283
21:23:38,3.680e+00,3.840e+00,0.12307692307692283
21:24:10,3.680e+00,3.840e+00,0.12307692307692283
21:24:41,3.680e+00,3.840e+00,0.12307692307692283
21:25:13,3.680e+00,3.840e+00,0.12307692307692283
21:25:45,3.440e+00,3.840e+00,0.3076923076923076
21:26:17,3.680e+00,3.840e+00,0.12307692307692283
21:26:49,3.680e+00,3.840e+00,0.12307692307692283
21:27:20,3.680e+00,3.840e+00,0.12307692307692283
21:27:52,3.680e+00,3.840e+00,0.12307692307692283
21:28:24,3.680e+00,3.840e+00,0.12307692307692283
21:28:55,3.680e+00,3.840e+00,0.12307692307692283
21:29:27,3.680e+00,3.840e+00,0.12307692307692283
21:29:59,3.680e+00,3.840e+00,0.12307692307692283
21:30:30,3.680e+00,3.840e+00,0.12307692307692283
21:31:02,3.680e+00,3.840e+00,0.12307692307692283
21:31:34,3.680e+00,3.840e+00,0.12307692307692283
21:32:06,3.680e+00,3.840e+00,0.12307692307692283
21:32:37,3.680e+00,3.840e+00,0.12307692307692283
21:33:09,3.680e+00,3.840e+00,0.12307692307692283
21:33:41,3.680e+00,3.840e+00,0.12307692307692283
21:34:13,3.760e+00,3.840e+00,0.06153846153846159
21:34:45,3.680e+00,3.840e+00,0.12307692307692283
21:35:17,3.680e+00,3.840e+00,0.12307692307692283
21:35:48,3.680e+00,3.840e+00,0.12307692307692283
21:36:20,3.680e+00,3.840e+00,0.12307692307692283
21:36:52,3.680e+00,3.840e+00,0.12307692307692283
21:37:24,3.680e+00,3.840e+00,0.12307692307692283
21:37:56,3.680e+00,3.840e+00,0.12307692307692283
21:38:27,3.680e+00,3.840e+00,0.12307692307692283
21:38:59,3.680e+00,3.840e+00,0.12307692307692283
21:39:31,3.680e+00,3.840e+00,0.12307692307692283
21:40:03,3.680e+00,3.840e+00,0.12307692307692283
21:40:34,3.680e+00,3.840e+00,0.12307692307692283
21:41:06,3.680e+00,3.840e+00,0.12307692307692283
21:41:38,3.680e+00,3.840e+00,0.12307692307692283
21:42:10,3.680e+00,3.840e+00,0.12307692307692283
21:42:41,3.680e+00,3.840e+00,0.12307692307692283
21:43:13,3.680e+00,3.840e+00,0.12307692307692283
21:43:45,3.680e+00,3.840e+00,0.12307692307692283
21:44:16,3.680e+00,3.840e+00,0.12307692307692283
21:44:48,3.680e+00,3.840e+00,0.12307692307692283
21:45:20,3.680e+00,3.840e+00,0.12307692307692283
21:45:52,3.680e+00,3.840e+00,0.12307692307692283
21:46:24,3.680e+00,3.840e+00,0.12307692307692283
21:46:56,3.680e+00,3.840e+00,0.12307692307692283
21:47:27,3.680e+00,3.840e+00,0.12307692307692283
21:47:59,3.680e+00,3.840e+00,0.12307692307692283
21:48:30,3.680e+00,3.840e+00,0.12307692307692283
21:49:02,3.680e+00,3.840e+00,0.12307692307692283
21:49:34,3.680e+00,3.840e+00,0.12307692307692283
21:50:06,3.680e+00,3.840e+00,0.12307692307692283
21:50:38,3.680e+00,3.840e+00,0.12307692307692283
21:51:09,3.680e+00,3.840e+00,0.12307692307692283
21:51:41,3.680e+00,3.840e+00,0.12307692307692283
21:52:13,3.680e+00,3.840e+00,0.12307692307692283
21:52:45,3.680e+00,3.840e+00,0.12307692307692283
21:53:17,3.680e+00,3.840e+00,0.12307692307692283
21:53:48,3.680e+00,3.840e+00,0.12307692307692283
21:54:20,3.680e+00,3.840e+00,0.12307692307692283
21:54:52,3.680e+00,3.840e+00,0.12307692307692283
21:55:24,3.680e+00,3.840e+00,0.12307692307692283
21:55:55,3.600e+00,3.840e+00,0.18461538461538443
21:56:27,3.600e+00,3.840e+00,0.18461538461538443
21:56:59,3.680e+00,3.840e+00,0.12307692307692283
21:57:31,3.680e+00,3.840e+00,0.12307692307692283
21:58:02,3.680e+00,3.840e+00,0.12307692307692283
21:58:34,3.680e+00,3.840e+00,0.12307692307692283
21:59:06,3.680e+00,3.840e+00,0.12307692307692283
21:59:37,3.680e+00,3.840e+00,0.12307692307692283
22:00:09,3.680e+00,3.840e+00,0.12307692307692283
22:00:41,3.680e+00,3.840e+00,0.12307692307692283
22:01:12,3.680e+00,3.840e+00,0.12307692307692283
22:01:44,3.600e+00,3.840e+00,0.18461538461538443
22:02:16,3.680e+00,3.840e+00,0.12307692307692283
22:02:48,3.680e+00,3.840e+00,0.12307692307692283
22:03:20,3.600e+00,3.840e+00,0.18461538461538443
22:03:52,3.600e+00,3.840e+00,0.18461538461538443
22:04:23,3.600e+00,3.840e+00,0.18461538461538443
22:04:55,3.680e+00,3.840e+00,0.12307692307692283
22:05:27,3.680e+00,3.840e+00,0.12307692307692283
22:05:58,3.680e+00,3.840e+00,0.12307692307692283
22:06:30,3.680e+00,3.840e+00,0.12307692307692283
22:07:02,3.600e+00,3.840e+00,0.18461538461538443
22:07:34,3.600e+00,3.840e+00,0.18461538461538443
22:08:05,3.600e+00,3.840e+00,0.18461538461538443
22:08:37,3.600e+00,3.840e+00,0.18461538461538443
22:09:08,3.600e+00,3.840e+00,0.18461538461538443
22:09:40,3.600e+00,3.840e+00,0.18461538461538443
22:10:12,3.600e+00,3.840e+00,0.18461538461538443
22:10:44,3.680e+00,3.840e+00,0.12307692307692283
22:11:16,3.680e+00,3.840e+00,0.12307692307692283
22:11:48,3.600e+00,3.840e+00,0.18461538461538443
22:12:19,3.600e+00,3.840e+00,0.18461538461538443
22:12:51,3.600e+00,3.840e+00,0.18461538461538443
22:13:23,3.680e+00,3.840e+00,0.12307692307692283
22:13:55,3.680e+00,3.840e+00,0.12307692307692283
22:14:27,3.600e+00,3.840e+00,0.18461538461538443
22:14:58,3.680e+00,3.840e+00,0.12307692307692283
22:15:30,3.680e+00,3.840e+00,0.12307692307692283
22:16:02,3.680e+00,3.840e+00,0.12307692307692283
22:16:33,3.600e+00,3.840e+00,0.18461538461538443
22:17:05,3.600e+00,3.840e+00,0.18461538461538443
22:17:37,3.680e+00,3.840e+00,0.12307692307692283
22:18:09,3.600e+00,3.840e+00,0.18461538461538443
22:18:41,3.600e+00,3.840e+00,0.18461538461538443
22:19:12,3.680e+00,3.840e+00,0.12307692307692283
22:19:44,3.600e+00,3.840e+00,0.18461538461538443
22:20:15,3.680e+00,3.840e+00,0.12307692307692283
22:20:47,3.680e+00,3.840e+00,0.12307692307692283
22:21:19,3.680e+00,3.840e+00,0.12307692307692283
22:21:51,3.600e+00,3.840e+00,0.18461538461538443
22:22:23,3.680e+00,3.840e+00,0.12307692307692283
22:22:55,3.680e+00,3.840e+00,0.12307692307692283
22:23:26,3.600e+00,3.840e+00,0.18461538461538443
22:23:58,3.600e+00,3.840e+00,0.18461538461538443
22:24:30,3.680e+00,3.840e+00,0.12307692307692283
22:25:01,3.600e+00,3.840e+00,0.18461538461538443
22:25:33,3.600e+00,3.840e+00,0.18461538461538443
22:26:05,3.600e+00,3.840e+00,0.18461538461538443
22:26:37,3.680e+00,3.840e+00,0.12307692307692283
22:27:08,3.600e+00,3.840e+00,0.18461538461538443
22:27:40,3.600e+00,3.840e+00,0.18461538461538443
22:28:12,3.680e+00,3.840e+00,0.12307692307692283
22:28:43,3.600e+00,3.840e+00,0.18461538461538443
22:29:15,3.360e+00,3.840e+00,0.3692307692307692
22:29:47,3.600e+00,3.840e+00,0.18461538461538443
22:30:19,3.600e+00,3.840e+00,0.18461538461538443
22:30:51,3.600e+00,3.840e+00,0.18461538461538443
22:31:22,3.680e+00,3.840e+00,0.12307692307692283
22:31:54,3.600e+00,3.840e+00,0.18461538461538443
22:32:26,3.600e+00,3.840e+00,0.18461538461538443
22:32:58,3.680e+00,3.840e+00,0.12307692307692283
22:33:30,3.600e+00,3.840e+00,0.18461538461538443
22:34:02,3.600e+00,3.840e+00,0.18461538461538443
22:34:33,3.600e+00,3.840e+00,0.18461538461538443
22:35:05,3.680e+00,3.840e+00,0.12307692307692283
22:35:37,3.600e+00,3.840e+00,0.18461538461538443
22:36:08,3.600e+00,3.840e+00,0.18461538461538443
22:36:40,3.680e+00,3.840e+00,0.12307692307692283
22:37:12,3.600e+00,3.840e+00,0.18461538461538443
22:37:43,3.600e+00,3.840e+00,0.18461538461538443
22:38:15,3.600e+00,3.840e+00,0.18461538461538443
22:38:47,3.600e+00,3.840e+00,0.18461538461538443
22:39:19,3.680e+00,3.840e+00,0.12307692307692283
22:39:51,3.680e+00,3.840e+00,0.12307692307692283
22:40:22,3.600e+00,3.840e+00,0.18461538461538443
22:40:54,3.680e+00,3.840e+00,0.12307692307692283
22:41:26,3.680e+00,3.840e+00,0.12307692307692283
22:41:58,3.600e+00,3.840e+00,0.18461538461538443
22:42:29,3.600e+00,3.760e+00,0.12307692307692283
22:43:01,3.360e+00,3.760e+00,0.3076923076923076
22:43:33,3.600e+00,3.760e+00,0.12307692307692283
22:44:04,3.600e+00,3.840e+00,0.18461538461538443
22:44:36,3.600e+00,3.840e+00,0.18461538461538443
22:45:08,3.600e+00,3.760e+00,0.12307692307692283
22:45:39,3.600e+00,3.840e+00,0.18461538461538443
22:46:11,3.600e+00,3.760e+00,0.12307692307692283
22:46:42,3.600e+00,3.840e+00,0.18461538461538443
22:47:14,3.600e+00,3.840e+00,0.18461538461538443
22:47:46,3.600e+00,3.840e+00,0.18461538461538443
22:48:18,3.600e+00,3.760e+00,0.12307692307692283
22:48:49,3.600e+00,3.840e+00,0.18461538461538443
22:49:21,3.360e+00,3.760e+00,0.3076923076923076
22:49:53,3.600e+00,3.840e+00,0.18461538461538443
22:50:25,3.600e+00,3.840e+00,0.18461538461538443
22:50:56,3.600e+00,3.840e+00,0.18461538461538443
22:51:28,3.600e+00,3.840e+00,0.18461538461538443
22:52:00,3.600e+00,3.760e+00,0.12307692307692283
22:52:32,3.600e+00,3.760e+00,0.12307692307692283
22:53:03,3.600e+00,3.760e+00,0.12307692307692283
22:53:35,3.600e+00,3.840e+00,0.18461538461538443
22:54:07,3.600e+00,3.760e+00,0.12307692307692283
22:54:38,3.600e+00,3.840e+00,0.18461538461538443
22:55:10,3.600e+00,3.760e+00,0.12307692307692283
22:55:42,3.600e+00,3.760e+00,0.12307692307692283
22:56:14,3.600e+00,3.840e+00,0.18461538461538443
22:56:45,3.600e+00,3.760e+00,0.12307692307692283
22:57:17,3.600e+00,3.760e+00,0.12307692307692283
22:57:49,3.600e+00,3.760e+00,0.12307692307692283
22:58:20,3.600e+00,3.840e+00,0.18461538461538443
22:58:52,3.600e+00,3.840e+00,0.18461538461538443
22:59:24,3.600e+00,3.760e+00,0.12307692307692283
22:59:56,3.600e+00,3.760e+00,0.12307692307692283
23:00:28,3.600e+00,3.760e+00,0.12307692307692283
23:01:00,3.600e+00,3.760e+00,0.12307692307692283
23:01:31,3.600e+00,3.760e+00,0.12307692307692283
23:02:03,3.600e+00,3.760e+00,0.12307692307692283
23:02:34,3.600e+00,3.760e+00,0.12307692307692283
23:03:06,3.600e+00,3.760e+00,0.12307692307692283
23:03:38,3.600e+00,3.760e+00,0.12307692307692283
23:04:10,3.600e+00,3.760e+00,0.12307692307692283
23:04:42,3.600e+00,3.760e+00,0.12307692307692283
23:05:13,3.600e+00,3.760e+00,0.12307692307692283
23:05:45,3.600e+00,3.760e+00,0.12307692307692283
23:06:17,3.600e+00,3.760e+00,0.12307692307692283
23:06:48,3.600e+00,3.760e+00,0.12307692307692283
23:07:20,3.600e+00,3.760e+00,0.12307692307692283
23:07:52,3.600e+00,3.760e+00,0.12307692307692283
23:08:24,3.600e+00,3.760e+00,0.12307692307692283
23:08:55,3.600e+00,3.760e+00,0.12307692307692283
23:09:27,3.600e+00,3.760e+00,0.12307692307692283
23:09:59,3.360e+00,3.760e+00,0.3076923076923076
23:10:31,3.600e+00,3.760e+00,0.12307692307692283
23:11:02,3.600e+00,3.760e+00,0.12307692307692283
23:11:34,3.600e+00,3.760e+00,0.12307692307692283
23:12:06,3.600e+00,3.760e+00,0.12307692307692283
23:12:38,3.680e+00,3.760e+00,0.06153846153846125
23:13:09,3.600e+00,3.760e+00,0.12307692307692283
23:13:41,3.600e+00,3.760e+00,0.12307692307692283
23:14:13,3.600e+00,3.760e+00,0.12307692307692283
23:14:44,3.600e+00,3.760e+00,0.12307692307692283
23:15:16,3.600e+00,3.760e+00,0.12307692307692283
23:15:48,3.600e+00,3.760e+00,0.12307692307692283
23:16:20,3.600e+00,3.760e+00,0.12307692307692283
23:16:51,3.600e+00,3.760e+00,0.12307692307692283
23:17:23,3.600e+00,3.760e+00,0.12307692307692283
23:17:55,3.600e+00,3.760e+00,0.12307692307692283
23:18:27,3.600e+00,3.760e+00,0.12307692307692283
23:18:59,3.600e+00,3.840e+00,0.18461538461538443
23:19:31,3.520e+00,3.760e+00,0.18461538461538443
23:20:03,3.520e+00,3.760e+00,0.18461538461538443
23:20:34,3.600e+00,3.760e+00,0.12307692307692283
23:21:06,3.600e+00,3.760e+00,0.12307692307692283
23:21:38,3.600e+00,3.760e+00,0.12307692307692283
23:22:10,3.600e+00,3.760e+00,0.12307692307692283
23:22:42,3.600e+00,3.760e+00,0.12307692307692283
23:23:13,3.600e+00,3.760e+00,0.12307692307692283
23:23:45,3.600e+00,3.760e+00,0.12307692307692283
23:24:17,3.600e+00,3.760e+00,0.12307692307692283
23:24:48,3.600e+00,3.760e+00,0.12307692307692283
23:25:20,3.520e+00,3.760e+00,0.18461538461538443
23:25:52,3.520e+00,3.760e+00,0.18461538461538443
23:26:24,3.600e+00,3.760e+00,0.12307692307692283
23:26:55,3.520e+00,3.760e+00,0.18461538461538443
23:27:27,3.520e+00,3.760e+00,0.18461538461538443
23:27:59,3.600e+00,3.760e+00,0.12307692307692283
23:28:31,3.600e+00,3.760e+00,0.12307692307692283
23:29:02,3.520e+00,3.760e+00,0.18461538461538443
23:29:34,3.600e+00,3.760e+00,0.12307692307692283
23:30:06,3.600e+00,3.760e+00,0.12307692307692283
23:30:38,3.600e+00,3.760e+00,0.12307692307692283
23:31:09,3.600e+00,3.760e+00,0.12307692307692283
23:31:41,3.600e+00,3.760e+00,0.12307692307692283
23:32:13,3.520e+00,3.760e+00,0.18461538461538443
23:32:44,3.520e+00,3.760e+00,0.18461538461538443
23:33:16,3.600e+00,3.760e+00,0.12307692307692283
23:33:48,3.520e+00,3.760e+00,0.18461538461538443
23:34:20,3.520e+00,3.760e+00,0.18461538461538443
23:34:51,3.600e+00,3.760e+00,0.12307692307692283
23:35:23,3.600e+00,3.760e+00,0.12307692307692283
23:35:55,3.520e+00,3.760e+00,0.18461538461538443
23:36:26,3.520e+00,3.760e+00,0.18461538461538443
23:36:58,3.600e+00,3.760e+00,0.12307692307692283
23:37:30,3.520e+00,3.760e+00,0.18461538461538443
23:47:55,3.520e+00,3.760e+00,0.18461538461538443
23:48:26,3.520e+00,3.760e+00,0.18461538461538443
23:48:58,3.520e+00,3.760e+00,0.18461538461538443
23:49:30,3.600e+00,3.760e+00,0.12307692307692283
23:50:02,3.520e+00,3.760e+00,0.18461538461538443
23:50:34,3.600e+00,3.760e+00,0.12307692307692283
23:51:06,3.280e+00,3.760e+00,0.3692307692307692
23:51:37,3.520e+00,3.760e+00,0.18461538461538443
23:52:09,3.520e+00,3.760e+00,0.18461538461538443
23:52:41,3.600e+00,3.760e+00,0.12307692307692283
23:53:13,3.520e+00,3.760e+00,0.18461538461538443
23:53:45,3.520e+00,3.760e+00,0.18461538461538443
23:54:17,3.520e+00,3.760e+00,0.18461538461538443
23:54:49,3.600e+00,3.760e+00,0.12307692307692283
23:55:20,3.520e+00,3.760e+00,0.18461538461538443
23:55:52,3.360e+00,3.760e+00,0.3076923076923076
23:56:24,3.520e+00,3.760e+00,0.18461538461538443
23:56:56,3.600e+00,3.760e+00,0.12307692307692283
23:57:27,3.520e+00,3.680e+00,0.12307692307692318
23:57:59,3.520e+00,3.760e+00,0.18461538461538443
23:58:30,3.520e+00,3.760e+00,0.18461538461538443
23:59:02,3.520e+00,3.760e+00,0.18461538461538443
23:59:34,3.520e+00,3.760e+00,0.18461538461538443
00:00:06,3.600e+00,3.760e+00,0.12307692307692283
00:00:38,3.520e+00,3.760e+00,0.18461538461538443
00:01:09,3.520e+00,3.760e+00,0.18461538461538443
00:01:41,3.600e+00,3.760e+00,0.12307692307692283
00:02:13,3.520e+00,3.760e+00,0.18461538461538443
00:02:44,3.520e+00,3.760e+00,0.18461538461538443
00:03:16,3.520e+00,3.760e+00,0.18461538461538443
00:03:48,3.520e+00,3.760e+00,0.18461538461538443
00:04:20,3.520e+00,3.760e+00,0.18461538461538443
00:04:51,3.520e+00,3.760e+00,0.18461538461538443
00:05:23,3.520e+00,3.760e+00,0.18461538461538443
00:05:55,3.520e+00,3.760e+00,0.18461538461538443
00:06:27,3.520e+00,3.680e+00,0.12307692307692318
00:06:58,3.280e+00,3.760e+00,0.3692307692307692
00:07:30,3.520e+00,3.760e+00,0.18461538461538443
00:08:02,3.520e+00,3.760e+00,0.18461538461538443
00:08:34,3.520e+00,3.760e+00,0.18461538461538443
00:09:06,3.520e+00,3.760e+00,0.18461538461538443
00:09:37,3.520e+00,3.760e+00,0.18461538461538443
00:10:09,3.520e+00,3.760e+00,0.18461538461538443
00:10:41,3.520e+00,3.760e+00,0.18461538461538443
00:11:13,3.520e+00,3.760e+00,0.18461538461538443
00:11:44,3.520e+00,3.760e+00,0.18461538461538443
00:12:16,3.520e+00,3.680e+00,0.12307692307692318
00:12:48,3.520e+00,3.680e+00,0.12307692307692318
00:13:20,3.600e+00,3.680e+00,0.06153846153846159
00:13:51,3.520e+00,3.760e+00,0.18461538461538443
00:14:23,3.520e+00,3.680e+00,0.12307692307692318
00:14:55,3.520e+00,3.760e+00,0.18461538461538443
00:15:26,3.520e+00,3.680e+00,0.12307692307692318
00:15:58,3.520e+00,3.680e+00,0.12307692307692318
00:16:30,3.520e+00,3.760e+00,0.18461538461538443
00:17:02,3.520e+00,3.760e+00,0.18461538461538443
00:17:34,3.520e+00,3.680e+00,0.12307692307692318
00:18:05,3.520e+00,3.680e+00,0.12307692307692318
00:18:37,3.600e+00,3.680e+00,0.06153846153846159
00:19:09,3.520e+00,3.760e+00,0.18461538461538443
00:19:41,3.520e+00,3.760e+00,0.18461538461538443
00:20:13,3.520e+00,3.680e+00,0.12307692307692318
00:20:44,3.520e+00,3.760e+00,0.18461538461538443
00:21:16,3.520e+00,3.680e+00,0.12307692307692318
00:21:48,3.520e+00,3.680e+00,0.12307692307692318
00:22:19,3.520e+00,3.680e+00,0.12307692307692318
00:22:51,3.520e+00,3.680e+00,0.12307692307692318
00:23:23,3.520e+00,3.680e+00,0.12307692307692318
00:23:55,3.520e+00,3.680e+00,0.12307692307692318
00:24:26,3.520e+00,3.680e+00,0.12307692307692318
00:24:58,3.520e+00,3.680e+00,0.12307692307692318
00:25:30,3.520e+00,3.680e+00,0.12307692307692318
00:26:01,3.520e+00,3.680e+00,0.12307692307692318
00:26:33,3.520e+00,3.680e+00,0.12307692307692318
00:27:05,3.520e+00,3.680e+00,0.12307692307692318
00:27:37,3.520e+00,3.760e+00,0.18461538461538443
00:28:09,3.520e+00,3.680e+00,0.12307692307692318
00:28:41,3.520e+00,3.680e+00,0.12307692307692318
00:29:12,3.520e+00,3.680e+00,0.12307692307692318
00:29:44,3.520e+00,3.680e+00,0.12307692307692318
00:30:16,3.520e+00,3.760e+00,0.18461538461538443
00:30:48,3.520e+00,3.680e+00,0.12307692307692318
00:31:19,3.520e+00,3.680e+00,0.12307692307692318
00:31:51,3.520e+00,3.680e+00,0.12307692307692318
00:32:23,3.520e+00,3.680e+00,0.12307692307692318
00:32:55,3.520e+00,3.680e+00,0.12307692307692318
00:33:26,3.520e+00,3.680e+00,0.12307692307692318
00:33:58,3.520e+00,3.680e+00,0.12307692307692318
00:34:29,3.520e+00,3.680e+00,0.12307692307692318
00:35:01,3.520e+00,3.680e+00,0.12307692307692318
00:35:33,3.520e+00,3.680e+00,0.12307692307692318
00:36:05,3.520e+00,3.680e+00,0.12307692307692318
00:36:36,3.520e+00,3.680e+00,0.12307692307692318
00:37:08,3.520e+00,3.680e+00,0.12307692307692318
00:37:40,3.520e+00,3.680e+00,0.12307692307692318
00:38:12,3.520e+00,3.680e+00,0.12307692307692318
00:38:44,3.520e+00,3.680e+00,0.12307692307692318
00:39:15,3.520e+00,3.680e+00,0.12307692307692318
00:39:47,3.520e+00,3.680e+00,0.12307692307692318
00:40:18,3.520e+00,3.680e+00,0.12307692307692318
00:40:50,3.520e+00,3.680e+00,0.12307692307692318
00:41:22,3.520e+00,3.680e+00,0.12307692307692318
00:41:54,3.520e+00,3.680e+00,0.12307692307692318
00:42:26,3.520e+00,3.680e+00,0.12307692307692318
00:42:58,3.520e+00,3.680e+00,0.12307692307692318
00:43:29,3.520e+00,3.680e+00,0.12307692307692318
00:44:01,3.520e+00,3.680e+00,0.12307692307692318
00:44:33,3.520e+00,3.680e+00,0.12307692307692318
00:45:05,3.520e+00,3.680e+00,0.12307692307692318
00:45:37,3.520e+00,3.680e+00,0.12307692307692318
00:46:08,3.520e+00,3.680e+00,0.12307692307692318
00:46:40,3.520e+00,3.680e+00,0.12307692307692318
00:47:12,3.520e+00,3.680e+00,0.12307692307692318
00:47:44,3.520e+00,3.680e+00,0.12307692307692318
00:48:16,3.520e+00,3.680e+00,0.12307692307692318
00:48:47,3.520e+00,3.680e+00,0.12307692307692318
00:49:19,3.520e+00,3.680e+00,0.12307692307692318
00:49:51,3.520e+00,3.680e+00,0.12307692307692318
00:50:23,3.520e+00,3.680e+00,0.12307692307692318
00:50:55,3.520e+00,3.680e+00,0.12307692307692318
00:51:27,3.520e+00,3.680e+00,0.12307692307692318
00:51:58,3.520e+00,3.680e+00,0.12307692307692318
00:52:30,3.520e+00,3.760e+00,0.18461538461538443
00:53:02,3.520e+00,3.680e+00,0.12307692307692318
00:53:33,3.520e+00,3.680e+00,0.12307692307692318
00:54:05,3.520e+00,3.680e+00,0.12307692307692318
00:54:37,3.520e+00,3.680e+00,0.12307692307692318
00:55:09,3.520e+00,3.680e+00,0.12307692307692318
00:55:40,3.520e+00,3.680e+00,0.12307692307692318
00:56:12,3.520e+00,3.680e+00,0.12307692307692318
00:56:43,3.520e+00,3.680e+00,0.12307692307692318
00:57:15,3.520e+00,3.680e+00,0.12307692307692318
00:57:47,3.600e+00,3.680e+00,0.06153846153846159
00:58:19,3.520e+00,3.680e+00,0.12307692307692318
00:58:50,3.280e+00,3.680e+00,0.30769230769230793
00:59:22,3.520e+00,3.680e+00,0.12307692307692318
00:59:54,3.520e+00,3.680e+00,0.12307692307692318
01:00:26,3.520e+00,3.680e+00,0.12307692307692318
01:00:57,3.520e+00,3.680e+00,0.12307692307692318
01:01:29,3.520e+00,3.680e+00,0.12307692307692318
01:02:01,3.440e+00,3.680e+00,0.18461538461538476
01:02:33,3.520e+00,3.680e+00,0.12307692307692318
01:03:04,3.520e+00,3.680e+00,0.12307692307692318
01:03:36,3.520e+00,3.680e+00,0.12307692307692318
01:04:08,3.280e+00,3.680e+00,0.30769230769230793
01:04:40,3.440e+00,3.680e+00,0.18461538461538476
01:05:12,3.520e+00,3.680e+00,0.12307692307692318
01:05:43,3.520e+00,3.680e+00,0.12307692307692318
01:06:15,3.520e+00,3.680e+00,0.12307692307692318
01:06:47,3.520e+00,3.680e+00,0.12307692307692318
01:07:19,3.520e+00,3.680e+00,0.12307692307692318
01:07:50,3.520e+00,3.680e+00,0.12307692307692318
01:08:22,3.520e+00,3.680e+00,0.12307692307692318
01:08:54,3.520e+00,3.680e+00,0.12307692307692318
01:09:26,3.520e+00,3.680e+00,0.12307692307692318
01:09:58,3.520e+00,3.680e+00,0.12307692307692318
01:10:30,3.520e+00,3.680e+00,0.12307692307692318
01:11:01,3.520e+00,3.680e+00,0.12307692307692318
01:11:33,3.520e+00,3.680e+00,0.12307692307692318
01:12:05,3.520e+00,3.680e+00,0.12307692307692318
01:12:37,3.520e+00,3.680e+00,0.12307692307692318
01:13:08,3.520e+00,3.680e+00,0.12307692307692318
01:13:40,3.520e+00,3.680e+00,0.12307692307692318
01:14:12,3.440e+00,3.680e+00,0.18461538461538476
01:14:43,3.520e+00,3.680e+00,0.12307692307692318
01:15:15,3.520e+00,3.680e+00,0.12307692307692318
01:15:47,3.520e+00,3.680e+00,0.12307692307692318
01:16:19,3.520e+00,3.680e+00,0.12307692307692318
01:16:50,3.520e+00,3.680e+00,0.12307692307692318
01:17:22,3.520e+00,3.680e+00,0.12307692307692318
01:17:54,3.520e+00,3.680e+00,0.12307692307692318
01:18:26,3.280e+00,3.680e+00,0.30769230769230793
01:18:58,3.520e+00,3.680e+00,0.12307692307692318
01:19:29,3.440e+00,3.680e+00,0.18461538461538476
01:20:01,3.280e+00,3.680e+00,0.30769230769230793
01:20:33,3.520e+00,3.680e+00,0.12307692307692318
01:21:05,3.520e+00,3.680e+00,0.12307692307692318
01:21:36,3.440e+00,3.680e+00,0.18461538461538476
01:22:08,3.440e+00,3.680e+00,0.18461538461538476
01:22:40,3.520e+00,3.680e+00,0.12307692307692318
01:23:12,3.520e+00,3.680e+00,0.12307692307692318
01:23:43,3.520e+00,3.680e+00,0.12307692307692318
01:24:15,3.520e+00,3.680e+00,0.12307692307692318
01:24:47,3.440e+00,3.680e+00,0.18461538461538476
01:25:18,3.520e+00,3.680e+00,0.12307692307692318
01:25:50,3.440e+00,3.680e+00,0.18461538461538476
01:26:22,3.520e+00,3.680e+00,0.12307692307692318
01:26:54,3.440e+00,3.680e+00,0.18461538461538476
01:27:25,3.440e+00,3.680e+00,0.18461538461538476
01:27:57,3.440e+00,3.680e+00,0.18461538461538476
01:28:29,3.520e+00,3.680e+00,0.12307692307692318
01:29:00,3.440e+00,3.680e+00,0.18461538461538476
01:29:32,3.440e+00,3.680e+00,0.18461538461538476
01:30:03,3.520e+00,3.680e+00,0.12307692307692318
01:30:35,3.440e+00,3.680e+00,0.18461538461538476
01:31:07,3.520e+00,3.680e+00,0.12307692307692318
01:31:39,3.440e+00,3.680e+00,0.18461538461538476
01:32:11,3.520e+00,3.680e+00,0.12307692307692318
01:32:42,3.520e+00,3.680e+00,0.12307692307692318
01:33:14,3.520e+00,3.680e+00,0.12307692307692318
01:33:46,3.440e+00,3.680e+00,0.18461538461538476
07:33:10,3.760e+00,3.760e+00,0.0
07:33:42,3.760e+00,3.760e+00,0.0
07:34:14,3.600e+00,3.760e+00,0.12307692307692283
07:34:45,3.600e+00,3.680e+00,0.06153846153846159
07:35:17,3.520e+00,3.680e+00,0.12307692307692318
07:35:49,3.600e+00,3.680e+00,0.06153846153846159
07:36:20,3.520e+00,3.680e+00,0.12307692307692318
07:36:52,3.520e+00,3.680e+00,0.12307692307692318
07:37:24,3.520e+00,3.680e+00,0.12307692307692318
07:37:55,3.520e+00,3.680e+00,0.12307692307692318
07:38:27,3.520e+00,3.680e+00,0.12307692307692318
07:38:59,3.520e+00,3.680e+00,0.12307692307692318
07:39:31,3.600e+00,3.680e+00,0.06153846153846159
07:40:02,3.520e+00,3.680e+00,0.12307692307692318
07:40:34,3.520e+00,3.680e+00,0.12307692307692318
07:41:06,3.520e+00,3.680e+00,0.12307692307692318
07:41:38,3.520e+00,3.680e+00,0.12307692307692318
07:42:09,3.520e+00,3.600e+00,0.06153846153846159
07:42:41,3.520e+00,3.680e+00,0.12307692307692318
07:43:13,3.520e+00,3.600e+00,0.06153846153846159
07:43:44,3.520e+00,3.680e+00,0.12307692307692318
07:44:16,3.520e+00,3.600e+00,0.06153846153846159
07:44:48,3.520e+00,3.600e+00,0.06153846153846159
07:45:19,3.520e+00,3.600e+00,0.06153846153846159
07:45:51,3.520e+00,3.600e+00,0.06153846153846159
07:46:59,3.440e+00,3.600e+00,0.12307692307692318
07:47:31,3.520e+00,3.600e+00,0.06153846153846159
07:48:03,3.520e+00,3.600e+00,0.06153846153846159
07:48:35,3.520e+00,3.600e+00,0.06153846153846159
07:49:07,3.440e+00,3.600e+00,0.12307692307692318
07:49:38,3.520e+00,3.600e+00,0.06153846153846159
07:50:10,3.440e+00,3.600e+00,0.12307692307692318
07:50:41,3.520e+00,3.600e+00,0.06153846153846159
07:51:13,3.520e+00,3.600e+00,0.06153846153846159
07:51:45,3.520e+00,3.600e+00,0.06153846153846159
07:52:16,3.440e+00,3.600e+00,0.12307692307692318
07:52:48,3.520e+00,3.600e+00,0.06153846153846159
07:53:19,3.440e+00,3.600e+00,0.12307692307692318
07:53:51,3.440e+00,3.600e+00,0.12307692307692318
07:54:22,3.440e+00,3.600e+00,0.12307692307692318
07:54:54,3.440e+00,3.600e+00,0.12307692307692318
07:55:26,3.520e+00,3.600e+00,0.06153846153846159
07:55:57,3.440e+00,3.600e+00,0.12307692307692318
07:56:29,3.440e+00,3.600e+00,0.12307692307692318
07:57:01,3.440e+00,3.600e+00,0.12307692307692318
07:57:33,3.440e+00,3.600e+00,0.12307692307692318
07:58:04,3.520e+00,3.600e+00,0.06153846153846159
07:58:36,3.440e+00,3.600e+00,0.12307692307692318
07:59:08,3.440e+00,3.600e+00,0.12307692307692318
07:59:40,3.440e+00,3.600e+00,0.12307692307692318
08:00:12,3.440e+00,3.600e+00,0.12307692307692318
08:00:44,3.520e+00,3.600e+00,0.06153846153846159
08:01:15,3.440e+00,3.600e+00,0.12307692307692318
08:01:47,3.440e+00,3.600e+00,0.12307692307692318
08:02:19,3.440e+00,3.600e+00,0.12307692307692318
08:02:50,3.440e+00,3.600e+00,0.12307692307692318
08:03:22,3.440e+00,3.600e+00,0.12307692307692318
08:03:54,3.440e+00,3.600e+00,0.12307692307692318
08:04:26,3.440e+00,3.600e+00,0.12307692307692318
08:20:26,3.440e+00,3.520e+00,0.06153846153846159
08:20:59,3.440e+00,3.520e+00,0.06153846153846159
08:21:30,3.440e+00,3.520e+00,0.06153846153846159
08:22:02,3.440e+00,3.520e+00,0.06153846153846159
08:22:34,3.440e+00,3.520e+00,0.06153846153846159
08:23:06,3.440e+00,3.520e+00,0.06153846153846159
08:23:37,3.440e+00,3.520e+00,0.06153846153846159
08:24:09,3.440e+00,3.520e+00,0.06153846153846159
08:24:41,3.440e+00,3.520e+00,0.06153846153846159
08:25:13,3.440e+00,3.520e+00,0.06153846153846159
08:25:44,3.440e+00,3.520e+00,0.06153846153846159
08:26:16,3.440e+00,3.520e+00,0.06153846153846159
08:26:48,3.440e+00,3.520e+00,0.06153846153846159
08:27:19,3.440e+00,3.520e+00,0.06153846153846159
08:27:51,3.440e+00,3.520e+00,0.06153846153846159
08:28:23,3.360e+00,3.520e+00,0.12307692307692318
08:28:55,3.440e+00,3.520e+00,0.06153846153846159
08:29:26,3.440e+00,3.520e+00,0.06153846153846159
08:29:58,3.200e+00,3.520e+00,0.24615384615384603
08:30:30,3.440e+00,3.520e+00,0.06153846153846159
08:31:02,3.440e+00,3.520e+00,0.06153846153846159
08:31:33,3.440e+00,3.520e+00,0.06153846153846159
08:32:05,3.440e+00,3.520e+00,0.06153846153846159
08:32:37,3.440e+00,3.520e+00,0.06153846153846159
08:33:09,3.440e+00,3.520e+00,0.06153846153846159
08:33:40,3.440e+00,3.520e+00,0.06153846153846159
08:34:12,3.440e+00,3.520e+00,0.06153846153846159
08:34:44,3.440e+00,3.520e+00,0.06153846153846159
08:35:16,3.440e+00,3.520e+00,0.06153846153846159
08:35:47,3.200e+00,3.520e+00,0.24615384615384603
08:36:19,3.440e+00,3.520e+00,0.06153846153846159
08:36:51,3.440e+00,3.520e+00,0.06153846153846159
08:37:23,3.440e+00,3.520e+00,0.06153846153846159
08:37:55,3.360e+00,3.520e+00,0.12307692307692318
08:38:26,3.440e+00,3.520e+00,0.06153846153846159
08:38:58,3.440e+00,3.520e+00,0.06153846153846159
08:39:29,3.360e+00,3.520e+00,0.12307692307692318
08:40:01,3.440e+00,3.520e+00,0.06153846153846159
08:40:33,3.440e+00,3.520e+00,0.06153846153846159
08:41:05,3.440e+00,3.520e+00,0.06153846153846159
08:41:37,3.360e+00,3.520e+00,0.12307692307692318
08:42:08,3.440e+00,3.520e+00,0.06153846153846159
08:42:40,3.440e+00,3.520e+00,0.06153846153846159
08:43:12,3.440e+00,3.520e+00,0.06153846153846159
08:43:44,3.440e+00,3.520e+00,0.06153846153846159
08:44:15,3.360e+00,3.520e+00,0.12307692307692318
08:44:47,3.440e+00,3.520e+00,0.06153846153846159
08:45:19,3.440e+00,3.520e+00,0.06153846153846159
08:45:51,3.360e+00,3.520e+00,0.12307692307692318
08:46:22,3.360e+00,3.520e+00,0.12307692307692318
08:46:54,3.440e+00,3.520e+00,0.06153846153846159
08:47:26,3.440e+00,3.520e+00,0.06153846153846159
08:47:57,3.440e+00,3.520e+00,0.06153846153846159
08:48:29,3.440e+00,3.520e+00,0.06153846153846159
08:49:01,3.440e+00,3.520e+00,0.06153846153846159
08:49:32,3.440e+00,3.520e+00,0.06153846153846159
08:50:04,3.440e+00,3.520e+00,0.06153846153846159
08:50:36,3.440e+00,3.520e+00,0.06153846153846159
08:51:08,3.440e+00,3.520e+00,0.06153846153846159
08:51:39,3.360e+00,3.520e+00,0.12307692307692318
08:52:11,3.360e+00,3.520e+00,0.12307692307692318
08:52:43,3.360e+00,3.520e+00,0.12307692307692318
08:53:14,3.440e+00,3.520e+00,0.06153846153846159
08:53:46,3.440e+00,3.520e+00,0.06153846153846159
08:54:18,3.360e+00,3.520e+00,0.12307692307692318
08:54:50,3.360e+00,3.520e+00,0.12307692307692318
08:55:21,3.360e+00,3.520e+00,0.12307692307692318
08:55:53,3.360e+00,3.520e+00,0.12307692307692318
08:56:25,3.360e+00,3.520e+00,0.12307692307692318
08:56:56,3.440e+00,3.520e+00,0.06153846153846159
08:57:28,3.360e+00,3.520e+00,0.12307692307692318
08:58:00,3.360e+00,3.520e+00,0.12307692307692318
08:58:31,3.360e+00,3.520e+00,0.12307692307692318
08:59:03,3.360e+00,3.520e+00,0.12307692307692318
08:59:35,3.360e+00,3.520e+00,0.12307692307692318
09:00:25,3.360e+00,3.520e+00,0.12307692307692318
09:00:57,3.360e+00,3.520e+00,0.12307692307692318
09:01:28,3.440e+00,3.520e+00,0.06153846153846159
09:02:00,3.440e+00,3.520e+00,0.06153846153846159
09:02:32,3.360e+00,3.520e+00,0.12307692307692318
09:03:04,3.440e+00,3.520e+00,0.06153846153846159
09:03:35,3.360e+00,3.520e+00,0.12307692307692318
09:04:07,3.440e+00,3.520e+00,0.06153846153846159
09:04:39,3.440e+00,3.520e+00,0.06153846153846159
09:05:10,3.360e+00,3.520e+00,0.12307692307692318
09:05:42,3.440e+00,3.520e+00,0.06153846153846159
09:06:14,3.360e+00,3.520e+00,0.12307692307692318
09:06:45,3.360e+00,3.520e+00,0.12307692307692318
09:07:17,3.360e+00,3.520e+00,0.12307692307692318
09:07:49,3.440e+00,3.520e+00,0.06153846153846159
09:08:21,3.440e+00,3.520e+00,0.06153846153846159
09:08:52,3.360e+00,3.520e+00,0.12307692307692318
09:09:24,3.360e+00,3.520e+00,0.12307692307692318
09:09:56,3.440e+00,3.520e+00,0.06153846153846159
09:10:28,3.360e+00,3.520e+00,0.12307692307692318
09:10:59,3.360e+00,3.520e+00,0.12307692307692318
09:11:31,3.360e+00,3.520e+00,0.12307692307692318
09:12:03,3.360e+00,3.520e+00,0.12307692307692318
09:12:34,3.280e+00,3.520e+00,0.18461538461538476
09:13:06,3.440e+00,3.520e+00,0.06153846153846159
09:13:38,3.360e+00,3.520e+00,0.12307692307692318
09:14:09,3.360e+00,3.520e+00,0.12307692307692318
09:14:41,3.360e+00,3.520e+00,0.12307692307692318
09:15:13,3.360e+00,3.520e+00,0.12307692307692318
09:15:44,3.360e+00,3.520e+00,0.12307692307692318
09:16:16,3.360e+00,3.520e+00,0.12307692307692318
09:16:48,3.440e+00,3.520e+00,0.06153846153846159
09:17:20,3.120e+00,3.520e+00,0.3076923076923076
09:17:51,3.360e+00,3.520e+00,0.12307692307692318
09:18:23,3.360e+00,3.520e+00,0.12307692307692318
09:18:55,3.360e+00,3.520e+00,0.12307692307692318
09:19:27,3.360e+00,3.520e+00,0.12307692307692318
09:19:58,3.360e+00,3.440e+00,0.06153846153846159
09:20:30,3.360e+00,3.520e+00,0.12307692307692318
09:21:02,3.360e+00,3.520e+00,0.12307692307692318
09:21:33,3.360e+00,3.440e+00,0.06153846153846159
09:22:05,3.360e+00,3.520e+00,0.12307692307692318
09:22:37,3.360e+00,3.520e+00,0.12307692307692318
09:23:09,3.360e+00,3.440e+00,0.06153846153846159
09:23:41,3.360e+00,3.520e+00,0.12307692307692318
09:24:13,3.360e+00,3.440e+00,0.06153846153846159
09:24:44,3.360e+00,3.440e+00,0.06153846153846159
09:25:16,3.360e+00,3.520e+00,0.12307692307692318
09:25:48,3.360e+00,3.520e+00,0.12307692307692318
09:26:20,3.440e+00,3.440e+00,0.0
09:26:51,3.360e+00,3.520e+00,0.12307692307692318
09:27:23,3.360e+00,3.520e+00,0.12307692307692318
09:27:55,3.360e+00,3.440e+00,0.06153846153846159
09:28:27,3.360e+00,3.440e+00,0.06153846153846159
09:28:59,3.360e+00,3.440e+00,0.06153846153846159
09:29:30,3.360e+00,3.520e+00,0.12307692307692318
09:30:02,3.360e+00,3.520e+00,0.12307692307692318
09:30:34,3.360e+00,3.520e+00,0.12307692307692318
09:31:05,3.360e+00,3.440e+00,0.06153846153846159
09:31:37,3.360e+00,3.440e+00,0.06153846153846159
09:32:09,3.360e+00,3.440e+00,0.06153846153846159
09:32:40,3.360e+00,3.440e+00,0.06153846153846159
09:33:12,3.360e+00,3.440e+00,0.06153846153846159
09:33:44,3.360e+00,3.440e+00,0.06153846153846159
09:34:16,3.360e+00,3.440e+00,0.06153846153846159
09:34:48,3.360e+00,3.440e+00,0.06153846153846159
09:35:19,3.360e+00,3.520e+00,0.12307692307692318
09:35:51,3.360e+00,3.520e+00,0.12307692307692318
09:36:23,3.360e+00,3.440e+00,0.06153846153846159
09:36:55,3.360e+00,3.440e+00,0.06153846153846159
09:37:26,3.360e+00,3.440e+00,0.06153846153846159
09:37:58,3.360e+00,3.440e+00,0.06153846153846159
09:38:30,3.360e+00,3.520e+00,0.12307692307692318
09:39:01,3.360e+00,3.440e+00,0.06153846153846159
09:39:33,3.360e+00,3.440e+00,0.06153846153846159
09:40:05,3.360e+00,3.520e+00,0.12307692307692318
09:40:37,3.360e+00,3.440e+00,0.06153846153846159
09:41:09,3.360e+00,3.440e+00,0.06153846153846159
09:41:41,3.360e+00,3.440e+00,0.06153846153846159
09:42:12,3.440e+00,3.520e+00,0.06153846153846159
09:42:44,3.360e+00,3.440e+00,0.06153846153846159
09:43:16,3.360e+00,3.520e+00,0.12307692307692318
09:43:48,3.360e+00,3.440e+00,0.06153846153846159
09:44:20,3.360e+00,3.440e+00,0.06153846153846159
09:44:52,3.360e+00,3.440e+00,0.06153846153846159
09:45:23,3.360e+00,3.520e+00,0.12307692307692318
09:45:55,3.360e+00,3.440e+00,0.06153846153846159
09:46:27,3.360e+00,3.440e+00,0.06153846153846159
09:46:59,3.360e+00,3.440e+00,0.06153846153846159
09:47:31,3.360e+00,3.440e+00,0.06153846153846159
09:48:03,3.360e+00,3.440e+00,0.06153846153846159
09:48:35,3.360e+00,3.440e+00,0.06153846153846159
09:49:07,3.360e+00,3.440e+00,0.06153846153846159
09:49:38,3.280e+00,3.440e+00,0.12307692307692318
09:50:10,3.360e+00,3.440e+00,0.06153846153846159
09:50:42,3.360e+00,3.440e+00,0.06153846153846159
09:51:13,3.360e+00,3.440e+00,0.06153846153846159
09:51:45,3.360e+00,3.440e+00,0.06153846153846159
09:52:16,3.360e+00,3.440e+00,0.06153846153846159
09:52:48,3.360e+00,3.440e+00,0.06153846153846159
09:53:20,3.360e+00,3.440e+00,0.06153846153846159
09:53:52,3.360e+00,3.440e+00,0.06153846153846159
09:54:24,3.360e+00,3.440e+00,0.06153846153846159
09:54:56,3.440e+00,3.440e+00,0.0
09:55:27,3.360e+00,3.440e+00,0.06153846153846159
09:55:59,3.280e+00,3.440e+00,0.12307692307692318
09:56:31,3.360e+00,3.440e+00,0.06153846153846159
09:57:03,3.360e+00,3.440e+00,0.06153846153846159
09:57:34,3.360e+00,3.440e+00,0.06153846153846159
09:58:06,3.360e+00,3.440e+00,0.06153846153846159
09:58:37,3.360e+00,3.440e+00,0.06153846153846159
09:59:09,3.280e+00,3.440e+00,0.12307692307692318
09:59:41,3.360e+00,3.440e+00,0.06153846153846159
10:00:13,3.280e+00,3.440e+00,0.12307692307692318
10:00:44,3.360e+00,3.440e+00,0.06153846153846159
10:01:16,3.360e+00,3.440e+00,0.06153846153846159
10:01:48,3.120e+00,3.440e+00,0.24615384615384603
10:02:20,3.280e+00,3.440e+00,0.12307692307692318
10:02:51,3.360e+00,3.440e+00,0.06153846153846159
10:03:23,3.280e+00,3.440e+00,0.12307692307692318
10:03:55,3.120e+00,3.440e+00,0.24615384615384603
10:04:27,3.280e+00,3.440e+00,0.12307692307692318
10:04:58,3.360e+00,3.440e+00,0.06153846153846159
10:05:30,3.280e+00,3.440e+00,0.12307692307692318
10:06:02,3.360e+00,3.440e+00,0.06153846153846159
10:06:33,3.360e+00,3.440e+00,0.06153846153846159
10:07:05,3.360e+00,3.440e+00,0.06153846153846159
10:07:37,3.360e+00,3.440e+00,0.06153846153846159
10:08:08,3.360e+00,3.440e+00,0.06153846153846159
10:08:40,3.280e+00,3.440e+00,0.12307692307692318
10:09:12,3.360e+00,3.440e+00,0.06153846153846159
10:09:44,3.360e+00,3.440e+00,0.06153846153846159
10:10:16,3.360e+00,3.440e+00,0.06153846153846159
10:10:47,3.360e+00,3.440e+00,0.06153846153846159
10:11:19,3.280e+00,3.440e+00,0.12307692307692318
10:11:51,3.440e+00,3.440e+00,0.0
10:12:22,3.360e+00,3.440e+00,0.06153846153846159
10:12:54,3.280e+00,3.440e+00,0.12307692307692318
10:13:25,3.360e+00,3.440e+00,0.06153846153846159
10:13:57,3.360e+00,3.440e+00,0.06153846153846159
10:14:29,3.360e+00,3.440e+00,0.06153846153846159
10:15:01,3.280e+00,3.440e+00,0.12307692307692318
10:15:32,3.360e+00,3.440e+00,0.06153846153846159
10:16:04,3.360e+00,3.440e+00,0.06153846153846159
10:16:35,3.280e+00,3.440e+00,0.12307692307692318
10:17:07,3.280e+00,3.440e+00,0.12307692307692318
10:17:39,3.360e+00,3.440e+00,0.06153846153846159
10:18:10,3.360e+00,3.440e+00,0.06153846153846159
10:18:42,3.360e+00,3.440e+00,0.06153846153846159
10:19:14,3.360e+00,3.440e+00,0.06153846153846159
10:19:46,3.360e+00,3.440e+00,0.06153846153846159
10:20:18,3.280e+00,3.440e+00,0.12307692307692318
10:20:49,3.280e+00,3.440e+00,0.12307692307692318
10:21:21,3.280e+00,3.440e+00,0.12307692307692318
10:21:53,3.280e+00,3.440e+00,0.12307692307692318
10:22:24,3.360e+00,3.440e+00,0.06153846153846159
10:22:56,3.360e+00,3.440e+00,0.06153846153846159
10:23:28,3.360e+00,3.440e+00,0.06153846153846159
10:24:00,3.280e+00,3.440e+00,0.12307692307692318
10:24:31,3.280e+00,3.440e+00,0.12307692307692318
10:25:03,3.280e+00,3.440e+00,0.12307692307692318
10:25:35,3.360e+00,3.440e+00,0.06153846153846159
10:26:06,3.280e+00,3.440e+00,0.12307692307692318
10:26:38,3.280e+00,3.440e+00,0.12307692307692318
10:27:10,3.280e+00,3.440e+00,0.12307692307692318
10:27:42,3.280e+00,3.440e+00,0.12307692307692318
10:28:14,3.200e+00,3.440e+00,0.18461538461538443
10:28:45,3.280e+00,3.440e+00,0.12307692307692318
10:29:17,3.280e+00,3.440e+00,0.12307692307692318
10:29:49,3.280e+00,3.440e+00,0.12307692307692318
10:30:21,3.280e+00,3.440e+00,0.12307692307692318
10:30:52,3.360e+00,3.440e+00,0.06153846153846159
10:31:24,3.120e+00,3.440e+00,0.24615384615384603
10:31:56,3.280e+00,3.440e+00,0.12307692307692318
10:32:28,3.280e+00,3.440e+00,0.12307692307692318
10:33:00,3.280e+00,3.440e+00,0.12307692307692318
10:33:32,3.280e+00,3.440e+00,0.12307692307692318
10:34:03,3.280e+00,3.440e+00,0.12307692307692318
10:34:35,3.120e+00,3.440e+00,0.24615384615384603
10:35:07,3.360e+00,3.440e+00,0.06153846153846159
10:35:38,3.280e+00,3.440e+00,0.12307692307692318
10:36:10,3.280e+00,3.440e+00,0.12307692307692318
10:36:42,3.360e+00,3.440e+00,0.06153846153846159
10:37:13,3.280e+00,3.440e+00,0.12307692307692318
10:37:45,3.360e+00,3.440e+00,0.06153846153846159
10:38:17,3.360e+00,3.440e+00,0.06153846153846159
10:38:48,3.360e+00,3.440e+00,0.06153846153846159
10:39:20,3.280e+00,3.440e+00,0.12307692307692318
10:39:52,3.280e+00,3.440e+00,0.12307692307692318
10:40:24,3.280e+00,3.440e+00,0.12307692307692318
10:40:55,3.280e+00,3.440e+00,0.12307692307692318
10:41:27,3.280e+00,3.440e+00,0.12307692307692318
10:41:59,3.280e+00,3.440e+00,0.12307692307692318
10:42:31,3.280e+00,3.440e+00,0.12307692307692318
10:43:02,3.280e+00,3.440e+00,0.12307692307692318
10:43:34,3.280e+00,3.440e+00,0.12307692307692318
10:44:06,3.280e+00,3.440e+00,0.12307692307692318
10:44:38,3.280e+00,3.440e+00,0.12307692307692318
10:45:10,3.280e+00,3.440e+00,0.12307692307692318
10:45:41,3.280e+00,3.360e+00,0.06153846153846159
10:46:13,3.280e+00,3.440e+00,0.12307692307692318
10:46:45,3.280e+00,3.440e+00,0.12307692307692318
10:47:16,3.280e+00,3.440e+00,0.12307692307692318
10:47:48,3.280e+00,3.440e+00,0.12307692307692318
10:48:20,3.280e+00,3.440e+00,0.12307692307692318
10:48:52,3.280e+00,3.360e+00,0.06153846153846159
10:49:24,3.360e+00,3.440e+00,0.06153846153846159
10:49:56,3.280e+00,3.440e+00,0.12307692307692318
10:50:28,3.280e+00,3.360e+00,0.06153846153846159
10:51:00,3.280e+00,3.360e+00,0.06153846153846159
10:51:31,3.280e+00,3.360e+00,0.06153846153846159
10:52:03,3.280e+00,3.440e+00,0.12307692307692318
10:52:35,3.280e+00,3.360e+00,0.06153846153846159
10:53:06,3.280e+00,3.360e+00,0.06153846153846159
10:53:38,3.120e+00,3.360e+00,0.18461538461538443
10:54:10,3.280e+00,3.440e+00,0.12307692307692318
10:54:41,3.280e+00,3.360e+00,0.06153846153846159
10:55:13,3.280e+00,3.440e+00,0.12307692307692318
10:55:45,3.280e+00,3.440e+00,0.12307692307692318
10:56:16,3.280e+00,3.440e+00,0.12307692307692318
10:56:48,3.280e+00,3.360e+00,0.06153846153846159
10:57:20,3.280e+00,3.360e+00,0.06153846153846159
10:57:52,3.280e+00,3.440e+00,0.12307692307692318
10:58:23,3.280e+00,3.360e+00,0.06153846153846159
10:58:55,3.280e+00,3.440e+00,0.12307692307692318
10:59:27,3.280e+00,3.360e+00,0.06153846153846159
10:59:58,3.360e+00,3.360e+00,0.0
11:00:30,3.280e+00,3.360e+00,0.06153846153846159
11:01:02,3.280e+00,3.360e+00,0.06153846153846159
11:01:34,3.280e+00,3.440e+00,0.12307692307692318
11:02:05,3.280e+00,3.440e+00,0.12307692307692318
11:02:37,3.280e+00,3.360e+00,0.06153846153846159
11:03:09,3.040e+00,3.360e+00,0.24615384615384603
11:03:40,3.280e+00,3.440e+00,0.12307692307692318
11:04:12,3.280e+00,3.360e+00,0.06153846153846159
11:04:44,3.280e+00,3.360e+00,0.06153846153846159
11:05:16,3.280e+00,3.360e+00,0.06153846153846159
11:05:48,3.280e+00,3.360e+00,0.06153846153846159
11:06:20,3.280e+00,3.440e+00,0.12307692307692318
11:06:51,3.280e+00,3.360e+00,0.06153846153846159
11:07:23,3.280e+00,3.360e+00,0.06153846153846159
11:07:55,3.280e+00,3.360e+00,0.06153846153846159
11:08:26,3.280e+00,3.360e+00,0.06153846153846159
11:08:58,3.280e+00,3.360e+00,0.06153846153846159
11:09:30,3.040e+00,3.360e+00,0.24615384615384603
11:10:01,3.280e+00,3.360e+00,0.06153846153846159
11:10:33,3.280e+00,3.440e+00,0.12307692307692318
11:11:05,4.000e+00,3.520e+00,-0.3692307692307692
11:11:37,3.920e+00,3.440e+00,-0.3692307692307692
11:12:08,3.360e+00,3.440e+00,0.06153846153846159
11:12:40,3.760e+00,3.520e+00,-0.18461538461538443
11:13:12,3.920e+00,3.520e+00,-0.3076923076923076
11:13:44,3.280e+00,3.360e+00,0.06153846153846159
11:14:15,3.280e+00,3.360e+00,0.06153846153846159
11:18:12,3.280e+00,3.360e+00,0.06153846153846159
11:18:44,3.280e+00,3.360e+00,0.06153846153846159
11:19:16,3.280e+00,3.360e+00,0.06153846153846159
11:19:48,3.280e+00,3.360e+00,0.06153846153846159
11:20:19,3.280e+00,3.360e+00,0.06153846153846159
11:20:51,3.280e+00,3.360e+00,0.06153846153846159
11:21:23,3.280e+00,3.360e+00,0.06153846153846159
11:21:55,3.280e+00,3.440e+00,0.12307692307692318
11:22:26,3.280e+00,3.360e+00,0.06153846153846159
11:22:58,3.280e+00,3.360e+00,0.06153846153846159
11:23:30,3.280e+00,3.360e+00,0.06153846153846159
11:24:01,3.280e+00,3.360e+00,0.06153846153846159
11:24:33,3.280e+00,3.360e+00,0.06153846153846159
11:25:05,3.200e+00,3.360e+00,0.12307692307692283
11:25:36,3.280e+00,3.360e+00,0.06153846153846159
11:26:08,3.280e+00,3.360e+00,0.06153846153846159
11:26:40,3.280e+00,3.360e+00,0.06153846153846159
11:27:12,3.280e+00,3.360e+00,0.06153846153846159
11:27:43,3.280e+00,3.360e+00,0.06153846153846159
11:28:15,3.200e+00,3.360e+00,0.12307692307692283
11:28:47,3.280e+00,3.360e+00,0.06153846153846159
11:29:19,3.280e+00,3.360e+00,0.06153846153846159
11:29:50,3.280e+00,3.360e+00,0.06153846153846159
11:30:22,3.280e+00,3.360e+00,0.06153846153846159
11:30:54,3.280e+00,3.360e+00,0.06153846153846159
11:31:26,3.280e+00,3.360e+00,0.06153846153846159
11:31:57,3.200e+00,3.360e+00,0.12307692307692283
11:32:29,3.280e+00,3.360e+00,0.06153846153846159
11:33:01,3.200e+00,3.360e+00,0.12307692307692283
11:33:33,3.280e+00,3.360e+00,0.06153846153846159
11:34:05,3.280e+00,3.360e+00,0.06153846153846159
11:34:37,3.200e+00,3.360e+00,0.12307692307692283
11:35:08,3.280e+00,3.360e+00,0.06153846153846159
11:35:40,3.200e+00,3.360e+00,0.12307692307692283
11:36:12,3.280e+00,3.360e+00,0.06153846153846159
11:36:44,3.200e+00,3.360e+00,0.12307692307692283
11:37:15,3.200e+00,3.360e+00,0.12307692307692283
11:37:47,3.280e+00,3.360e+00,0.06153846153846159
11:38:19,3.200e+00,3.360e+00,0.12307692307692283
11:38:51,3.200e+00,3.360e+00,0.12307692307692283
11:39:22,3.200e+00,3.360e+00,0.12307692307692283
11:39:54,3.280e+00,3.360e+00,0.06153846153846159
11:40:26,3.200e+00,3.360e+00,0.12307692307692283
11:40:57,3.200e+00,3.360e+00,0.12307692307692283
11:41:29,3.200e+00,3.360e+00,0.12307692307692283
11:42:01,3.200e+00,3.360e+00,0.12307692307692283
11:42:32,3.200e+00,3.360e+00,0.12307692307692283
11:43:04,3.200e+00,3.360e+00,0.12307692307692283
11:43:36,3.200e+00,3.360e+00,0.12307692307692283
11:44:07,3.200e+00,3.360e+00,0.12307692307692283
11:44:39,3.200e+00,3.360e+00,0.12307692307692283
11:45:11,3.200e+00,3.360e+00,0.12307692307692283
11:45:42,3.200e+00,3.360e+00,0.12307692307692283
11:46:14,3.200e+00,3.360e+00,0.12307692307692283
11:46:46,3.200e+00,3.360e+00,0.12307692307692283
11:47:17,3.200e+00,3.360e+00,0.12307692307692283
11:47:49,3.200e+00,3.360e+00,0.12307692307692283
11:48:21,3.280e+00,3.280e+00,0.0
11:48:55,3.200e+00,3.360e+00,0.12307692307692283
11:49:27,3.200e+00,3.280e+00,0.06153846153846125
11:50:01,3.200e+00,3.280e+00,0.06153846153846125
11:50:35,3.200e+00,3.280e+00,0.06153846153846125
11:51:09,3.200e+00,3.280e+00,0.06153846153846125
11:51:43,3.280e+00,3.360e+00,0.06153846153846159
11:52:15,3.200e+00,3.280e+00,0.06153846153846125
11:52:49,3.200e+00,3.280e+00,0.06153846153846125
11:53:23,3.360e+00,3.280e+00,-0.06153846153846159
11:53:57,3.360e+00,3.360e+00,0.0
11:54:29,3.360e+00,3.280e+00,-0.06153846153846159
11:55:03,3.360e+00,3.360e+00,0.0
11:55:35,3.360e+00,3.360e+00,0.0
11:56:07,3.360e+00,3.280e+00,-0.06153846153846159
11:56:41,3.360e+00,3.280e+00,-0.06153846153846159
12:02:40,3.360e+00,3.360e+00,0.0
12:07:42,3.360e+00,3.280e+00,-0.06153846153846159
12:12:43,3.200e+00,3.280e+00,0.06153846153846125
12:17:45,2.960e+00,3.280e+00,0.24615384615384603
12:19:35,3.120e+00,3.280e+00,0.12307692307692283
12:20:07,3.120e+00,3.280e+00,0.12307692307692283
12:20:38,3.200e+00,3.280e+00,0.06153846153846125
12:21:10,3.120e+00,3.280e+00,0.12307692307692283
12:21:42,3.120e+00,3.280e+00,0.12307692307692283
12:22:14,3.120e+00,3.280e+00,0.12307692307692283
12:22:46,3.120e+00,3.280e+00,0.12307692307692283
12:23:17,3.200e+00,3.280e+00,0.06153846153846125
12:23:49,3.120e+00,3.280e+00,0.12307692307692283
12:24:21,3.280e+00,3.280e+00,0.0
12:24:53,3.280e+00,3.280e+00,0.0
12:25:24,3.280e+00,3.280e+00,0.0
12:25:56,3.280e+00,3.280e+00,0.0
12:26:28,3.360e+00,3.280e+00,-0.06153846153846159
12:27:00,3.280e+00,3.280e+00,0.0
12:27:31,3.360e+00,3.280e+00,-0.06153846153846159
12:28:02,3.280e+00,3.280e+00,0.0
12:28:34,3.280e+00,3.280e+00,0.0
12:29:06,3.280e+00,3.280e+00,0.0
12:29:38,3.280e+00,3.280e+00,0.0
12:30:10,3.280e+00,3.280e+00,0.0
12:30:41,3.280e+00,3.280e+00,0.0
12:31:13,3.280e+00,3.200e+00,-0.06153846153846125
12:31:44,3.360e+00,3.280e+00,-0.06153846153846159
12:32:16,3.280e+00,3.280e+00,0.0
12:32:48,3.280e+00,3.280e+00,0.0
12:33:20,3.280e+00,3.280e+00,0.0
12:33:52,3.280e+00,3.280e+00,0.0
12:34:24,3.280e+00,3.280e+00,0.0
12:34:55,3.280e+00,3.280e+00,0.0
12:35:27,3.280e+00,3.280e+00,0.0
12:35:59,3.280e+00,3.280e+00,0.0
12:36:31,3.280e+00,3.280e+00,0.0
12:37:03,3.280e+00,3.280e+00,0.0
12:37:34,3.280e+00,3.280e+00,0.0
12:38:06,3.280e+00,3.280e+00,0.0
12:38:38,3.280e+00,3.280e+00,0.0
12:39:09,3.280e+00,3.280e+00,0.0
12:39:41,3.360e+00,3.280e+00,-0.06153846153846159
12:40:12,3.280e+00,3.280e+00,0.0
12:40:44,3.280e+00,3.280e+00,0.0
12:41:16,3.280e+00,3.280e+00,0.0
12:41:48,3.280e+00,3.280e+00,0.0
12:42:19,3.280e+00,3.280e+00,0.0
12:42:51,3.360e+00,3.280e+00,-0.06153846153846159
12:43:23,3.280e+00,3.280e+00,0.0
12:43:54,3.360e+00,3.280e+00,-0.06153846153846159
12:44:26,3.120e+00,3.280e+00,0.12307692307692283
12:44:58,3.120e+00,3.280e+00,0.12307692307692283
12:45:29,3.120e+00,3.200e+00,0.06153846153846159
12:46:01,3.120e+00,3.200e+00,0.06153846153846159
12:46:33,3.120e+00,3.280e+00,0.12307692307692283
12:47:05,3.120e+00,3.200e+00,0.06153846153846159
12:47:37,3.120e+00,3.200e+00,0.06153846153846159
12:48:08,3.200e+00,3.200e+00,0.0
12:48:40,3.120e+00,3.200e+00,0.06153846153846159
12:49:12,3.200e+00,3.200e+00,0.0
12:49:44,3.120e+00,3.200e+00,0.06153846153846159
12:50:16,3.120e+00,3.200e+00,0.06153846153846159
12:50:48,3.120e+00,3.200e+00,0.06153846153846159
12:51:19,3.120e+00,3.200e+00,0.06153846153846159
12:51:50,3.200e+00,3.200e+00,0.0
12:52:23,3.120e+00,3.200e+00,0.06153846153846159
12:52:54,3.120e+00,3.200e+00,0.06153846153846159
12:53:26,3.120e+00,3.280e+00,0.12307692307692283
12:53:58,3.120e+00,3.200e+00,0.06153846153846159
12:54:30,3.040e+00,3.200e+00,0.12307692307692318
12:55:02,3.120e+00,3.200e+00,0.06153846153846159
12:55:34,3.120e+00,3.200e+00,0.06153846153846159
12:56:06,3.040e+00,3.200e+00,0.12307692307692318
12:56:38,3.200e+00,3.280e+00,0.06153846153846125
12:57:09,3.280e+00,3.200e+00,-0.06153846153846125
12:57:41,3.200e+00,3.200e+00,0.0
12:58:13,3.200e+00,3.200e+00,0.0
12:58:44,3.200e+00,3.280e+00,0.06153846153846125
12:59:16,3.280e+00,3.200e+00,-0.06153846153846125
12:59:48,3.280e+00,3.200e+00,-0.06153846153846125
13:00:20,3.280e+00,3.200e+00,-0.06153846153846125
13:00:52,3.200e+00,3.200e+00,0.0
13:01:23,3.280e+00,3.200e+00,-0.06153846153846125
13:01:55,3.280e+00,3.200e+00,-0.06153846153846125
13:02:27,3.200e+00,3.200e+00,0.0
13:02:59,3.280e+00,3.200e+00,-0.06153846153846125
13:03:30,3.200e+00,3.200e+00,0.0
13:04:02,3.280e+00,3.200e+00,-0.06153846153846125
13:04:34,3.280e+00,3.200e+00,-0.06153846153846125
13:05:06,3.280e+00,3.200e+00,-0.06153846153846125
13:05:38,3.280e+00,3.280e+00,0.0
13:09:29,3.360e+00,3.320e+00,-0.030769230769230795
13:10:00,3.320e+00,3.320e+00,0.0
13:10:32,3.320e+00,3.320e+00,0.0
13:11:04,3.340e+00,3.340e+00,0.0
13:11:35,3.340e+00,3.320e+00,-0.015384615384615398
13:12:07,3.320e+00,3.340e+00,0.015384615384615398
13:12:39,3.340e+00,3.340e+00,0.0
13:13:11,3.320e+00,3.320e+00,0.0
13:13:42,3.380e+00,3.320e+00,-0.04615384615384619
13:14:14,3.320e+00,3.320e+00,0.0
13:14:46,3.320e+00,3.320e+00,0.0
13:15:17,3.320e+00,3.320e+00,0.0
13:15:49,3.340e+00,3.340e+00,0.0
13:16:21,3.320e+00,3.320e+00,0.0
13:16:53,3.320e+00,3.340e+00,0.015384615384615398
13:17:25,3.320e+00,3.340e+00,0.015384615384615398
13:17:57,3.340e+00,3.360e+00,0.015384615384615398
13:18:28,3.320e+00,3.340e+00,0.015384615384615398
13:19:00,3.320e+00,3.320e+00,0.0
13:19:32,3.320e+00,3.380e+00,0.04615384615384619
13:20:03,3.340e+00,3.360e+00,0.015384615384615398
13:20:35,3.320e+00,3.320e+00,0.0
13:21:06,3.320e+00,3.320e+00,0.0
13:21:38,3.320e+00,3.340e+00,0.015384615384615398
13:22:10,3.760e+00,3.400e+00,-0.2769230769230768
13:22:42,3.920e+00,3.380e+00,-0.4153846153846154
13:23:14,3.160e+00,3.340e+00,0.13846153846153825
13:23:45,3.180e+00,3.340e+00,0.12307692307692283
13:24:17,3.140e+00,3.280e+00,0.10769230769230745
13:24:48,3.160e+00,3.320e+00,0.12307692307692283
13:25:20,3.180e+00,3.320e+00,0.10769230769230745
13:25:51,3.160e+00,3.300e+00,0.10769230769230745
13:26:23,3.320e+00,3.320e+00,0.0
13:26:54,3.320e+00,3.300e+00,-0.015384615384615398
13:27:26,3.360e+00,3.320e+00,-0.030769230769230795
13:27:58,3.300e+00,3.320e+00,0.015384615384615398
13:28:29,3.360e+00,3.320e+00,-0.030769230769230795
13:29:01,3.320e+00,3.320e+00,0.0
13:29:33,3.320e+00,3.320e+00,0.0
13:30:05,3.320e+00,3.320e+00,0.0
13:30:37,3.340e+00,3.320e+00,-0.015384615384615398
13:31:08,3.320e+00,3.320e+00,0.0
13:31:40,3.320e+00,3.320e+00,0.0
13:32:12,3.320e+00,3.320e+00,0.0
13:32:44,3.320e+00,3.320e+00,0.0
13:33:15,3.320e+00,3.320e+00,0.0
13:33:47,3.320e+00,3.320e+00,0.0
13:34:19,3.320e+00,3.360e+00,0.030769230769230795
13:34:51,3.360e+00,3.320e+00,-0.030769230769230795
13:35:22,3.320e+00,3.340e+00,0.015384615384615398
13:35:54,3.320e+00,3.320e+00,0.0
13:36:26,3.300e+00,3.360e+00,0.04615384615384619
13:36:57,3.320e+00,3.340e+00,0.015384615384615398
13:37:29,3.340e+00,3.340e+00,0.0
13:38:01,3.360e+00,3.340e+00,-0.015384615384615398
13:38:32,3.320e+00,3.320e+00,0.0
13:39:04,3.320e+00,3.340e+00,0.015384615384615398
13:39:36,3.320e+00,3.360e+00,0.030769230769230795
13:40:08,3.900e+00,3.380e+00,-0.4
13:40:40,3.820e+00,3.400e+00,-0.323076923076923
13:41:11,3.320e+00,3.340e+00,0.015384615384615398
13:41:43,3.340e+00,3.340e+00,0.0
13:42:15,3.320e+00,3.400e+00,0.06153846153846159
13:42:47,3.880e+00,3.420e+00,-0.3538461538461538
13:43:18,3.900e+00,3.420e+00,-0.3692307692307692
13:43:50,3.920e+00,3.440e+00,-0.3692307692307692
13:44:22,3.380e+00,3.360e+00,-0.015384615384615398
13:44:53,3.180e+00,3.340e+00,0.12307692307692283
13:45:25,3.200e+00,3.320e+00,0.09230769230769205
13:45:57,3.180e+00,3.320e+00,0.10769230769230745
13:46:29,3.180e+00,3.320e+00,0.10769230769230745
13:47:01,3.180e+00,3.300e+00,0.09230769230769205
13:47:33,3.320e+00,3.320e+00,0.0
13:48:05,3.320e+00,3.320e+00,0.0
13:48:36,3.300e+00,3.320e+00,0.015384615384615398
13:49:08,3.320e+00,3.320e+00,0.0
13:49:40,3.320e+00,3.320e+00,0.0
13:50:12,3.320e+00,3.320e+00,0.0
13:50:43,3.320e+00,3.320e+00,0.0
13:51:15,3.320e+00,3.320e+00,0.0
13:51:47,3.320e+00,3.320e+00,0.0
13:52:19,3.320e+00,3.320e+00,0.0
13:52:51,3.320e+00,3.320e+00,0.0
13:53:22,3.340e+00,3.320e+00,-0.015384615384615398
13:53:54,3.320e+00,3.320e+00,0.0
13:54:26,3.320e+00,3.320e+00,0.0
13:54:57,3.320e+00,3.320e+00,0.0
13:55:29,3.320e+00,3.320e+00,0.0
13:56:01,3.300e+00,3.320e+00,0.015384615384615398
13:56:33,3.320e+00,3.320e+00,0.0
13:57:05,3.320e+00,3.320e+00,0.0
13:57:37,3.320e+00,3.320e+00,0.0
13:58:09,3.320e+00,3.320e+00,0.0
13:58:40,3.320e+00,3.320e+00,0.0
13:59:12,3.300e+00,3.320e+00,0.015384615384615398
13:59:44,3.320e+00,3.320e+00,0.0
14:00:16,3.320e+00,3.320e+00,0.0
14:00:47,3.320e+00,3.320e+00,0.0
14:01:19,3.320e+00,3.320e+00,0.0
14:01:51,3.320e+00,3.320e+00,0.0
14:02:22,3.320e+00,3.320e+00,0.0
14:02:54,3.320e+00,3.320e+00,0.0
14:03:26,3.320e+00,3.320e+00,0.0
14:03:58,3.320e+00,3.320e+00,0.0
14:04:29,3.320e+00,3.320e+00,0.0
14:05:01,3.320e+00,3.320e+00,0.0
14:05:33,3.300e+00,3.320e+00,0.015384615384615398
14:06:05,3.320e+00,3.320e+00,0.0
14:06:37,3.320e+00,3.320e+00,0.0
14:07:09,3.160e+00,3.300e+00,0.10769230769230745
14:07:41,3.160e+00,3.300e+00,0.10769230769230745
14:08:12,3.160e+00,3.300e+00,0.10769230769230745
14:08:44,3.160e+00,3.300e+00,0.10769230769230745
14:09:16,3.160e+00,3.300e+00,0.10769230769230745
14:09:48,3.140e+00,3.300e+00,0.12307692307692283
14:10:20,3.140e+00,3.300e+00,0.12307692307692283
14:10:51,3.140e+00,3.300e+00,0.12307692307692283
14:11:23,3.120e+00,3.280e+00,0.12307692307692283
14:11:55,3.140e+00,3.280e+00,0.10769230769230745
14:12:27,3.120e+00,3.280e+00,0.12307692307692283
14:12:59,3.120e+00,3.260e+00,0.10769230769230745
14:13:31,3.120e+00,3.260e+00,0.10769230769230745
14:14:02,3.120e+00,3.260e+00,0.10769230769230745
14:14:34,3.120e+00,3.260e+00,0.10769230769230745
14:15:06,3.100e+00,3.240e+00,0.10769230769230778
14:15:38,3.100e+00,3.240e+00,0.10769230769230778
14:16:10,3.120e+00,3.260e+00,0.10769230769230745
14:16:42,3.320e+00,3.360e+00,0.030769230769230795
14:17:13,3.200e+00,3.260e+00,0.04615384615384585
14:17:45,3.200e+00,3.260e+00,0.04615384615384585
14:18:17,3.200e+00,3.240e+00,0.030769230769230795
14:18:49,3.220e+00,3.240e+00,0.015384615384615398
14:19:20,3.200e+00,3.260e+00,0.04615384615384585
14:19:52,3.220e+00,3.260e+00,0.030769230769230455
14:20:24,3.200e+00,3.260e+00,0.04615384615384585
14:20:56,3.320e+00,3.340e+00,0.015384615384615398
14:21:27,3.880e+00,3.380e+00,-0.3846153846153846
14:21:59,3.920e+00,3.420e+00,-0.3846153846153846
14:22:31,3.880e+00,3.420e+00,-0.3538461538461538
14:23:03,3.320e+00,3.400e+00,0.06153846153846159
14:23:35,3.180e+00,3.300e+00,0.09230769230769205
14:24:07,3.180e+00,3.300e+00,0.09230769230769205
14:24:38,3.180e+00,3.280e+00,0.07692307692307665
14:25:10,3.180e+00,3.280e+00,0.07692307692307665
14:25:42,3.160e+00,3.280e+00,0.09230769230769205
14:26:17,3.160e+00,3.280e+00,0.09230769230769205
14:26:49,3.140e+00,3.280e+00,0.10769230769230745
14:27:21,3.140e+00,3.300e+00,0.12307692307692283
14:27:53,3.100e+00,3.340e+00,0.18461538461538443
14:28:25,3.320e+00,3.260e+00,-0.04615384615384619
14:28:57,3.060e+00,3.340e+00,0.21538461538461523
14:29:28,3.880e+00,3.360e+00,-0.4
14:30:00,3.860e+00,3.400e+00,-0.3538461538461538
14:30:32,3.900e+00,3.380e+00,-0.4
14:31:04,3.860e+00,3.440e+00,-0.323076923076923
14:31:35,3.140e+00,3.320e+00,0.13846153846153825
14:32:07,3.140e+00,3.340e+00,0.15384615384615363
14:32:39,3.160e+00,3.340e+00,0.13846153846153825
14:33:10,3.120e+00,3.280e+00,0.12307692307692283
14:33:42,3.320e+00,3.360e+00,0.030769230769230795
14:34:14,3.320e+00,3.380e+00,0.04615384615384619
14:34:46,3.340e+00,3.340e+00,0.0
14:35:18,3.320e+00,3.380e+00,0.04615384615384619
14:35:49,3.320e+00,3.360e+00,0.030769230769230795
14:36:21,3.320e+00,3.340e+00,0.015384615384615398
14:36:53,3.320e+00,3.340e+00,0.015384615384615398
14:37:24,3.320e+00,3.340e+00,0.015384615384615398
14:37:56,3.320e+00,3.360e+00,0.030769230769230795
14:38:28,3.340e+00,3.400e+00,0.04615384615384619
14:39:00,3.900e+00,3.380e+00,-0.4
14:39:31,3.900e+00,3.420e+00,-0.3692307692307692
14:40:03,3.340e+00,3.340e+00,0.0
14:40:35,3.260e+00,3.300e+00,0.030769230769230795
14:41:06,3.260e+00,3.300e+00,0.030769230769230795
14:41:38,3.220e+00,3.300e+00,0.06153846153846125
14:42:10,3.240e+00,3.300e+00,0.04615384615384585
14:42:42,3.300e+00,3.300e+00,0.0
14:43:14,3.280e+00,3.300e+00,0.015384615384615398
14:43:45,3.300e+00,3.300e+00,0.0
14:44:17,3.300e+00,3.300e+00,0.0
14:44:49,3.280e+00,3.300e+00,0.015384615384615398
14:45:21,3.300e+00,3.300e+00,0.0
14:45:52,3.300e+00,3.300e+00,0.0
14:46:24,3.300e+00,3.300e+00,0.0
14:46:56,3.300e+00,3.300e+00,0.0
14:47:28,3.300e+00,3.300e+00,0.0
14:48:00,3.280e+00,3.300e+00,0.015384615384615398
14:48:32,3.300e+00,3.300e+00,0.0
14:49:04,3.280e+00,3.300e+00,0.015384615384615398
14:49:36,3.300e+00,3.300e+00,0.0
14:50:07,3.300e+00,3.300e+00,0.0
14:50:39,3.300e+00,3.300e+00,0.0
14:51:11,3.300e+00,3.300e+00,0.0
14:51:43,3.300e+00,3.320e+00,0.015384615384615398
14:52:14,3.300e+00,3.300e+00,0.0
14:52:46,3.300e+00,3.300e+00,0.0
14:53:18,3.300e+00,3.300e+00,0.0
14:53:49,3.300e+00,3.300e+00,0.0
14:54:21,3.280e+00,3.300e+00,0.015384615384615398
14:54:53,3.300e+00,3.300e+00,0.0
14:55:25,3.300e+00,3.300e+00,0.0
14:55:57,3.320e+00,3.300e+00,-0.015384615384615398
14:56:28,3.280e+00,3.300e+00,0.015384615384615398
14:57:00,3.280e+00,3.300e+00,0.015384615384615398
14:57:32,3.280e+00,3.300e+00,0.015384615384615398
14:58:04,3.300e+00,3.300e+00,0.0
14:58:36,3.300e+00,3.300e+00,0.0
14:59:08,3.300e+00,3.300e+00,0.0
14:59:40,3.300e+00,3.300e+00,0.0
15:00:12,3.300e+00,3.300e+00,0.0
15:00:43,3.300e+00,3.300e+00,0.0
15:01:15,3.300e+00,3.300e+00,0.0
15:01:47,3.300e+00,3.300e+00,0.0
15:02:19,3.260e+00,3.300e+00,0.030769230769230795
15:02:51,3.240e+00,3.300e+00,0.04615384615384585
15:03:23,3.240e+00,3.300e+00,0.04615384615384585
15:03:55,3.240e+00,3.300e+00,0.04615384615384585
15:04:27,3.240e+00,3.300e+00,0.04615384615384585
15:04:59,3.260e+00,3.280e+00,0.015384615384615398
15:05:30,3.240e+00,3.280e+00,0.030769230769230455
15:06:02,3.220e+00,3.300e+00,0.06153846153846125
15:06:34,3.280e+00,3.300e+00,0.015384615384615398
15:07:05,3.280e+00,3.300e+00,0.015384615384615398
15:07:37,3.280e+00,3.300e+00,0.015384615384615398
15:08:09,3.280e+00,3.300e+00,0.015384615384615398
15:08:41,3.280e+00,3.300e+00,0.015384615384615398
15:09:13,3.300e+00,3.300e+00,0.0
15:09:44,3.320e+00,3.300e+00,-0.015384615384615398
15:10:16,3.300e+00,3.300e+00,0.0
15:10:48,3.280e+00,3.300e+00,0.015384615384615398
15:11:20,3.300e+00,3.300e+00,0.0
15:11:51,3.280e+00,3.300e+00,0.015384615384615398
15:12:23,3.280e+00,3.300e+00,0.015384615384615398
15:12:55,3.280e+00,3.300e+00,0.015384615384615398
15:13:26,3.280e+00,3.280e+00,0.0
15:13:58,3.280e+00,3.300e+00,0.015384615384615398
15:14:30,3.280e+00,3.300e+00,0.015384615384615398
15:15:02,3.280e+00,3.300e+00,0.015384615384615398
15:15:34,3.300e+00,3.300e+00,0.0
15:16:05,3.280e+00,3.300e+00,0.015384615384615398
15:16:37,3.300e+00,3.300e+00,0.0
15:17:09,3.300e+00,3.300e+00,0.0
15:17:41,3.280e+00,3.300e+00,0.015384615384615398
15:18:12,3.300e+00,3.300e+00,0.0
15:18:44,3.300e+00,3.300e+00,0.0
15:19:16,3.280e+00,3.300e+00,0.015384615384615398
15:19:48,3.280e+00,3.300e+00,0.015384615384615398
15:20:20,3.280e+00,3.300e+00,0.015384615384615398
15:20:51,3.280e+00,3.300e+00,0.015384615384615398
15:21:23,3.280e+00,3.300e+00,0.015384615384615398
15:21:55,3.280e+00,3.300e+00,0.015384615384615398
15:22:27,3.300e+00,3.300e+00,0.0
15:22:58,3.300e+00,3.300e+00,0.0
15:23:30,3.280e+00,3.300e+00,0.015384615384615398
15:24:02,3.280e+00,3.300e+00,0.015384615384615398
15:24:34,3.300e+00,3.300e+00,0.0
15:25:05,3.300e+00,3.300e+00,0.0
15:25:37,3.280e+00,3.300e+00,0.015384615384615398
15:26:09,3.260e+00,3.300e+00,0.030769230769230795
15:26:40,3.260e+00,3.300e+00,0.030769230769230795
15:27:12,3.240e+00,3.280e+00,0.030769230769230455
15:27:44,3.240e+00,3.280e+00,0.030769230769230455
15:28:16,3.280e+00,3.280e+00,0.0
15:28:47,3.280e+00,3.280e+00,0.0
15:29:19,3.280e+00,3.300e+00,0.015384615384615398
15:29:51,3.280e+00,3.300e+00,0.015384615384615398
15:30:23,3.280e+00,3.300e+00,0.015384615384615398
15:30:54,3.280e+00,3.300e+00,0.015384615384615398
15:31:26,3.340e+00,3.340e+00,0.0
15:31:58,3.300e+00,3.300e+00,0.0
15:32:30,3.840e+00,3.420e+00,-0.323076923076923
15:33:02,3.320e+00,3.360e+00,0.030769230769230795
15:33:33,3.320e+00,3.340e+00,0.015384615384615398
15:34:05,3.320e+00,3.340e+00,0.015384615384615398
15:34:37,3.320e+00,3.380e+00,0.04615384615384619
15:35:09,3.360e+00,3.340e+00,-0.015384615384615398
15:35:41,3.340e+00,3.340e+00,0.0
15:36:13,3.840e+00,3.360e+00,-0.3692307692307692
15:36:45,3.800e+00,3.400e+00,-0.3076923076923076
15:37:16,3.820e+00,3.420e+00,-0.3076923076923076
15:37:48,3.840e+00,3.400e+00,-0.3384615384615384
15:38:20,3.800e+00,3.440e+00,-0.2769230769230768
15:38:52,3.840e+00,3.420e+00,-0.323076923076923
15:39:23,3.900e+00,3.420e+00,-0.3692307692307692
15:39:55,3.880e+00,3.440e+00,-0.3384615384615384
15:40:27,3.840e+00,3.440e+00,-0.3076923076923076
15:40:59,3.800e+00,3.480e+00,-0.24615384615384603
15:41:31,3.840e+00,3.500e+00,-0.26153846153846144
15:42:02,3.800e+00,3.460e+00,-0.26153846153846144
15:42:34,3.860e+00,3.500e+00,-0.2769230769230768
15:43:06,3.840e+00,3.500e+00,-0.26153846153846144
15:43:38,3.320e+00,3.500e+00,0.13846153846153858
15:44:10,3.320e+00,3.480e+00,0.12307692307692318
15:44:41,3.320e+00,3.480e+00,0.12307692307692318
15:45:13,3.320e+00,3.500e+00,0.13846153846153858
15:45:45,3.900e+00,3.480e+00,-0.323076923076923
15:46:17,3.840e+00,3.460e+00,-0.2923076923076922
15:46:48,3.320e+00,3.500e+00,0.13846153846153858
15:47:20,3.320e+00,3.480e+00,0.12307692307692318
15:47:52,3.320e+00,3.500e+00,0.13846153846153858
15:48:24,3.180e+00,3.520e+00,0.26153846153846144
15:48:55,3.320e+00,3.480e+00,0.12307692307692318
15:49:27,3.320e+00,3.500e+00,0.13846153846153858
15:49:59,3.320e+00,3.480e+00,0.12307692307692318
15:50:31,3.320e+00,3.500e+00,0.13846153846153858
15:51:03,3.180e+00,3.380e+00,0.15384615384615363
15:51:35,3.940e+00,3.460e+00,-0.3692307692307692
15:52:06,3.400e+00,3.480e+00,0.06153846153846159
15:52:38,3.320e+00,3.460e+00,0.10769230769230778
15:53:09,3.320e+00,3.460e+00,0.10769230769230778
15:53:41,3.320e+00,3.480e+00,0.12307692307692318
15:54:13,3.320e+00,3.480e+00,0.12307692307692318
15:54:45,3.180e+00,3.440e+00,0.19999999999999982
15:55:16,3.460e+00,3.460e+00,0.0
15:55:49,3.360e+00,3.360e+00,0.0
